--
-- PostgreSQL database dump
--

-- Dumped from database version 13.7 (Debian 13.7-0+deb11u1)
-- Dumped by pg_dump version 13.7 (Debian 13.7-0+deb11u1)

SET statement_timeout = 0;
SET lock_timeout = 0;
SET idle_in_transaction_session_timeout = 0;
SET client_encoding = 'UTF8';
SET standard_conforming_strings = on;
SELECT pg_catalog.set_config('search_path', '', false);
SET check_function_bodies = false;
SET xmloption = content;
SET client_min_messages = warning;
SET row_security = off;

SET default_tablespace = '';

SET default_table_access_method = heap;

--
-- Name: api_favoriterecipes; Type: TABLE; Schema: public; Owner: foodgram_user
--

CREATE TABLE public.api_favoriterecipes (
    id integer NOT NULL,
    recipe_id integer NOT NULL,
    user_id integer NOT NULL
);


ALTER TABLE public.api_favoriterecipes OWNER TO foodgram_user;

--
-- Name: api_favoriterecipes_id_seq; Type: SEQUENCE; Schema: public; Owner: foodgram_user
--

CREATE SEQUENCE public.api_favoriterecipes_id_seq
    AS integer
    START WITH 1
    INCREMENT BY 1
    NO MINVALUE
    NO MAXVALUE
    CACHE 1;


ALTER TABLE public.api_favoriterecipes_id_seq OWNER TO foodgram_user;

--
-- Name: api_favoriterecipes_id_seq; Type: SEQUENCE OWNED BY; Schema: public; Owner: foodgram_user
--

ALTER SEQUENCE public.api_favoriterecipes_id_seq OWNED BY public.api_favoriterecipes.id;


--
-- Name: api_follow; Type: TABLE; Schema: public; Owner: foodgram_user
--

CREATE TABLE public.api_follow (
    id integer NOT NULL,
    author_id integer NOT NULL,
    user_id integer NOT NULL
);


ALTER TABLE public.api_follow OWNER TO foodgram_user;

--
-- Name: api_follow_id_seq; Type: SEQUENCE; Schema: public; Owner: foodgram_user
--

CREATE SEQUENCE public.api_follow_id_seq
    AS integer
    START WITH 1
    INCREMENT BY 1
    NO MINVALUE
    NO MAXVALUE
    CACHE 1;


ALTER TABLE public.api_follow_id_seq OWNER TO foodgram_user;

--
-- Name: api_follow_id_seq; Type: SEQUENCE OWNED BY; Schema: public; Owner: foodgram_user
--

ALTER SEQUENCE public.api_follow_id_seq OWNED BY public.api_follow.id;


--
-- Name: api_ingredient; Type: TABLE; Schema: public; Owner: foodgram_user
--

CREATE TABLE public.api_ingredient (
    id integer NOT NULL,
    name character varying(200) NOT NULL,
    measurement_unit character varying(200) NOT NULL,
    amount integer NOT NULL
);


ALTER TABLE public.api_ingredient OWNER TO foodgram_user;

--
-- Name: api_ingredient_id_seq; Type: SEQUENCE; Schema: public; Owner: foodgram_user
--

CREATE SEQUENCE public.api_ingredient_id_seq
    AS integer
    START WITH 1
    INCREMENT BY 1
    NO MINVALUE
    NO MAXVALUE
    CACHE 1;


ALTER TABLE public.api_ingredient_id_seq OWNER TO foodgram_user;

--
-- Name: api_ingredient_id_seq; Type: SEQUENCE OWNED BY; Schema: public; Owner: foodgram_user
--

ALTER SEQUENCE public.api_ingredient_id_seq OWNED BY public.api_ingredient.id;


--
-- Name: api_recipe; Type: TABLE; Schema: public; Owner: foodgram_user
--

CREATE TABLE public.api_recipe (
    id integer NOT NULL,
    name character varying(200) NOT NULL,
    image character varying(100) NOT NULL,
    text text NOT NULL,
    cooking_time integer NOT NULL,
    pub_date timestamp with time zone NOT NULL,
    author_id integer NOT NULL,
    CONSTRAINT api_recipe_cooking_time_check CHECK ((cooking_time >= 0))
);


ALTER TABLE public.api_recipe OWNER TO foodgram_user;

--
-- Name: api_recipe_id_seq; Type: SEQUENCE; Schema: public; Owner: foodgram_user
--

CREATE SEQUENCE public.api_recipe_id_seq
    AS integer
    START WITH 1
    INCREMENT BY 1
    NO MINVALUE
    NO MAXVALUE
    CACHE 1;


ALTER TABLE public.api_recipe_id_seq OWNER TO foodgram_user;

--
-- Name: api_recipe_id_seq; Type: SEQUENCE OWNED BY; Schema: public; Owner: foodgram_user
--

ALTER SEQUENCE public.api_recipe_id_seq OWNED BY public.api_recipe.id;


--
-- Name: api_recipe_ingredients; Type: TABLE; Schema: public; Owner: foodgram_user
--

CREATE TABLE public.api_recipe_ingredients (
    id integer NOT NULL,
    recipe_id integer NOT NULL,
    ingredient_id integer NOT NULL
);


ALTER TABLE public.api_recipe_ingredients OWNER TO foodgram_user;

--
-- Name: api_recipe_ingredients_id_seq; Type: SEQUENCE; Schema: public; Owner: foodgram_user
--

CREATE SEQUENCE public.api_recipe_ingredients_id_seq
    AS integer
    START WITH 1
    INCREMENT BY 1
    NO MINVALUE
    NO MAXVALUE
    CACHE 1;


ALTER TABLE public.api_recipe_ingredients_id_seq OWNER TO foodgram_user;

--
-- Name: api_recipe_ingredients_id_seq; Type: SEQUENCE OWNED BY; Schema: public; Owner: foodgram_user
--

ALTER SEQUENCE public.api_recipe_ingredients_id_seq OWNED BY public.api_recipe_ingredients.id;


--
-- Name: api_recipe_tags; Type: TABLE; Schema: public; Owner: foodgram_user
--

CREATE TABLE public.api_recipe_tags (
    id integer NOT NULL,
    recipe_id integer NOT NULL,
    tag_id integer NOT NULL
);


ALTER TABLE public.api_recipe_tags OWNER TO foodgram_user;

--
-- Name: api_recipe_tags_id_seq; Type: SEQUENCE; Schema: public; Owner: foodgram_user
--

CREATE SEQUENCE public.api_recipe_tags_id_seq
    AS integer
    START WITH 1
    INCREMENT BY 1
    NO MINVALUE
    NO MAXVALUE
    CACHE 1;


ALTER TABLE public.api_recipe_tags_id_seq OWNER TO foodgram_user;

--
-- Name: api_recipe_tags_id_seq; Type: SEQUENCE OWNED BY; Schema: public; Owner: foodgram_user
--

ALTER SEQUENCE public.api_recipe_tags_id_seq OWNED BY public.api_recipe_tags.id;


--
-- Name: api_shopcartrecipes; Type: TABLE; Schema: public; Owner: foodgram_user
--

CREATE TABLE public.api_shopcartrecipes (
    id integer NOT NULL,
    recipe_id integer NOT NULL,
    user_id integer NOT NULL
);


ALTER TABLE public.api_shopcartrecipes OWNER TO foodgram_user;

--
-- Name: api_shopcartrecipes_id_seq; Type: SEQUENCE; Schema: public; Owner: foodgram_user
--

CREATE SEQUENCE public.api_shopcartrecipes_id_seq
    AS integer
    START WITH 1
    INCREMENT BY 1
    NO MINVALUE
    NO MAXVALUE
    CACHE 1;


ALTER TABLE public.api_shopcartrecipes_id_seq OWNER TO foodgram_user;

--
-- Name: api_shopcartrecipes_id_seq; Type: SEQUENCE OWNED BY; Schema: public; Owner: foodgram_user
--

ALTER SEQUENCE public.api_shopcartrecipes_id_seq OWNED BY public.api_shopcartrecipes.id;


--
-- Name: api_tag; Type: TABLE; Schema: public; Owner: foodgram_user
--

CREATE TABLE public.api_tag (
    id integer NOT NULL,
    name character varying(200) NOT NULL,
    color character varying(7),
    slug character varying(200)
);


ALTER TABLE public.api_tag OWNER TO foodgram_user;

--
-- Name: api_tag_id_seq; Type: SEQUENCE; Schema: public; Owner: foodgram_user
--

CREATE SEQUENCE public.api_tag_id_seq
    AS integer
    START WITH 1
    INCREMENT BY 1
    NO MINVALUE
    NO MAXVALUE
    CACHE 1;


ALTER TABLE public.api_tag_id_seq OWNER TO foodgram_user;

--
-- Name: api_tag_id_seq; Type: SEQUENCE OWNED BY; Schema: public; Owner: foodgram_user
--

ALTER SEQUENCE public.api_tag_id_seq OWNED BY public.api_tag.id;


--
-- Name: auth_group; Type: TABLE; Schema: public; Owner: foodgram_user
--

CREATE TABLE public.auth_group (
    id integer NOT NULL,
    name character varying(150) NOT NULL
);


ALTER TABLE public.auth_group OWNER TO foodgram_user;

--
-- Name: auth_group_id_seq; Type: SEQUENCE; Schema: public; Owner: foodgram_user
--

CREATE SEQUENCE public.auth_group_id_seq
    AS integer
    START WITH 1
    INCREMENT BY 1
    NO MINVALUE
    NO MAXVALUE
    CACHE 1;


ALTER TABLE public.auth_group_id_seq OWNER TO foodgram_user;

--
-- Name: auth_group_id_seq; Type: SEQUENCE OWNED BY; Schema: public; Owner: foodgram_user
--

ALTER SEQUENCE public.auth_group_id_seq OWNED BY public.auth_group.id;


--
-- Name: auth_group_permissions; Type: TABLE; Schema: public; Owner: foodgram_user
--

CREATE TABLE public.auth_group_permissions (
    id integer NOT NULL,
    group_id integer NOT NULL,
    permission_id integer NOT NULL
);


ALTER TABLE public.auth_group_permissions OWNER TO foodgram_user;

--
-- Name: auth_group_permissions_id_seq; Type: SEQUENCE; Schema: public; Owner: foodgram_user
--

CREATE SEQUENCE public.auth_group_permissions_id_seq
    AS integer
    START WITH 1
    INCREMENT BY 1
    NO MINVALUE
    NO MAXVALUE
    CACHE 1;


ALTER TABLE public.auth_group_permissions_id_seq OWNER TO foodgram_user;

--
-- Name: auth_group_permissions_id_seq; Type: SEQUENCE OWNED BY; Schema: public; Owner: foodgram_user
--

ALTER SEQUENCE public.auth_group_permissions_id_seq OWNED BY public.auth_group_permissions.id;


--
-- Name: auth_permission; Type: TABLE; Schema: public; Owner: foodgram_user
--

CREATE TABLE public.auth_permission (
    id integer NOT NULL,
    name character varying(255) NOT NULL,
    content_type_id integer NOT NULL,
    codename character varying(100) NOT NULL
);


ALTER TABLE public.auth_permission OWNER TO foodgram_user;

--
-- Name: auth_permission_id_seq; Type: SEQUENCE; Schema: public; Owner: foodgram_user
--

CREATE SEQUENCE public.auth_permission_id_seq
    AS integer
    START WITH 1
    INCREMENT BY 1
    NO MINVALUE
    NO MAXVALUE
    CACHE 1;


ALTER TABLE public.auth_permission_id_seq OWNER TO foodgram_user;

--
-- Name: auth_permission_id_seq; Type: SEQUENCE OWNED BY; Schema: public; Owner: foodgram_user
--

ALTER SEQUENCE public.auth_permission_id_seq OWNED BY public.auth_permission.id;


--
-- Name: authtoken_token; Type: TABLE; Schema: public; Owner: foodgram_user
--

CREATE TABLE public.authtoken_token (
    key character varying(40) NOT NULL,
    created timestamp with time zone NOT NULL,
    user_id integer NOT NULL
);


ALTER TABLE public.authtoken_token OWNER TO foodgram_user;

--
-- Name: django_admin_log; Type: TABLE; Schema: public; Owner: foodgram_user
--

CREATE TABLE public.django_admin_log (
    id integer NOT NULL,
    action_time timestamp with time zone NOT NULL,
    object_id text,
    object_repr character varying(200) NOT NULL,
    action_flag smallint NOT NULL,
    change_message text NOT NULL,
    content_type_id integer,
    user_id integer NOT NULL,
    CONSTRAINT django_admin_log_action_flag_check CHECK ((action_flag >= 0))
);


ALTER TABLE public.django_admin_log OWNER TO foodgram_user;

--
-- Name: django_admin_log_id_seq; Type: SEQUENCE; Schema: public; Owner: foodgram_user
--

CREATE SEQUENCE public.django_admin_log_id_seq
    AS integer
    START WITH 1
    INCREMENT BY 1
    NO MINVALUE
    NO MAXVALUE
    CACHE 1;


ALTER TABLE public.django_admin_log_id_seq OWNER TO foodgram_user;

--
-- Name: django_admin_log_id_seq; Type: SEQUENCE OWNED BY; Schema: public; Owner: foodgram_user
--

ALTER SEQUENCE public.django_admin_log_id_seq OWNED BY public.django_admin_log.id;


--
-- Name: django_content_type; Type: TABLE; Schema: public; Owner: foodgram_user
--

CREATE TABLE public.django_content_type (
    id integer NOT NULL,
    app_label character varying(100) NOT NULL,
    model character varying(100) NOT NULL
);


ALTER TABLE public.django_content_type OWNER TO foodgram_user;

--
-- Name: django_content_type_id_seq; Type: SEQUENCE; Schema: public; Owner: foodgram_user
--

CREATE SEQUENCE public.django_content_type_id_seq
    AS integer
    START WITH 1
    INCREMENT BY 1
    NO MINVALUE
    NO MAXVALUE
    CACHE 1;


ALTER TABLE public.django_content_type_id_seq OWNER TO foodgram_user;

--
-- Name: django_content_type_id_seq; Type: SEQUENCE OWNED BY; Schema: public; Owner: foodgram_user
--

ALTER SEQUENCE public.django_content_type_id_seq OWNED BY public.django_content_type.id;


--
-- Name: django_migrations; Type: TABLE; Schema: public; Owner: foodgram_user
--

CREATE TABLE public.django_migrations (
    id integer NOT NULL,
    app character varying(255) NOT NULL,
    name character varying(255) NOT NULL,
    applied timestamp with time zone NOT NULL
);


ALTER TABLE public.django_migrations OWNER TO foodgram_user;

--
-- Name: django_migrations_id_seq; Type: SEQUENCE; Schema: public; Owner: foodgram_user
--

CREATE SEQUENCE public.django_migrations_id_seq
    AS integer
    START WITH 1
    INCREMENT BY 1
    NO MINVALUE
    NO MAXVALUE
    CACHE 1;


ALTER TABLE public.django_migrations_id_seq OWNER TO foodgram_user;

--
-- Name: django_migrations_id_seq; Type: SEQUENCE OWNED BY; Schema: public; Owner: foodgram_user
--

ALTER SEQUENCE public.django_migrations_id_seq OWNED BY public.django_migrations.id;


--
-- Name: django_session; Type: TABLE; Schema: public; Owner: foodgram_user
--

CREATE TABLE public.django_session (
    session_key character varying(40) NOT NULL,
    session_data text NOT NULL,
    expire_date timestamp with time zone NOT NULL
);


ALTER TABLE public.django_session OWNER TO foodgram_user;

--
-- Name: users_user; Type: TABLE; Schema: public; Owner: foodgram_user
--

CREATE TABLE public.users_user (
    id integer NOT NULL,
    last_login timestamp with time zone,
    is_superuser boolean NOT NULL,
    is_staff boolean NOT NULL,
    is_active boolean NOT NULL,
    date_joined timestamp with time zone NOT NULL,
    email character varying(254) NOT NULL,
    first_name character varying(150) NOT NULL,
    last_name character varying(150) NOT NULL,
    username character varying(150) NOT NULL,
    password character varying(150) NOT NULL
);


ALTER TABLE public.users_user OWNER TO foodgram_user;

--
-- Name: users_user_groups; Type: TABLE; Schema: public; Owner: foodgram_user
--

CREATE TABLE public.users_user_groups (
    id integer NOT NULL,
    user_id integer NOT NULL,
    group_id integer NOT NULL
);


ALTER TABLE public.users_user_groups OWNER TO foodgram_user;

--
-- Name: users_user_groups_id_seq; Type: SEQUENCE; Schema: public; Owner: foodgram_user
--

CREATE SEQUENCE public.users_user_groups_id_seq
    AS integer
    START WITH 1
    INCREMENT BY 1
    NO MINVALUE
    NO MAXVALUE
    CACHE 1;


ALTER TABLE public.users_user_groups_id_seq OWNER TO foodgram_user;

--
-- Name: users_user_groups_id_seq; Type: SEQUENCE OWNED BY; Schema: public; Owner: foodgram_user
--

ALTER SEQUENCE public.users_user_groups_id_seq OWNED BY public.users_user_groups.id;


--
-- Name: users_user_id_seq; Type: SEQUENCE; Schema: public; Owner: foodgram_user
--

CREATE SEQUENCE public.users_user_id_seq
    AS integer
    START WITH 1
    INCREMENT BY 1
    NO MINVALUE
    NO MAXVALUE
    CACHE 1;


ALTER TABLE public.users_user_id_seq OWNER TO foodgram_user;

--
-- Name: users_user_id_seq; Type: SEQUENCE OWNED BY; Schema: public; Owner: foodgram_user
--

ALTER SEQUENCE public.users_user_id_seq OWNED BY public.users_user.id;


--
-- Name: users_user_user_permissions; Type: TABLE; Schema: public; Owner: foodgram_user
--

CREATE TABLE public.users_user_user_permissions (
    id integer NOT NULL,
    user_id integer NOT NULL,
    permission_id integer NOT NULL
);


ALTER TABLE public.users_user_user_permissions OWNER TO foodgram_user;

--
-- Name: users_user_user_permissions_id_seq; Type: SEQUENCE; Schema: public; Owner: foodgram_user
--

CREATE SEQUENCE public.users_user_user_permissions_id_seq
    AS integer
    START WITH 1
    INCREMENT BY 1
    NO MINVALUE
    NO MAXVALUE
    CACHE 1;


ALTER TABLE public.users_user_user_permissions_id_seq OWNER TO foodgram_user;

--
-- Name: users_user_user_permissions_id_seq; Type: SEQUENCE OWNED BY; Schema: public; Owner: foodgram_user
--

ALTER SEQUENCE public.users_user_user_permissions_id_seq OWNED BY public.users_user_user_permissions.id;


--
-- Name: api_favoriterecipes id; Type: DEFAULT; Schema: public; Owner: foodgram_user
--

ALTER TABLE ONLY public.api_favoriterecipes ALTER COLUMN id SET DEFAULT nextval('public.api_favoriterecipes_id_seq'::regclass);


--
-- Name: api_follow id; Type: DEFAULT; Schema: public; Owner: foodgram_user
--

ALTER TABLE ONLY public.api_follow ALTER COLUMN id SET DEFAULT nextval('public.api_follow_id_seq'::regclass);


--
-- Name: api_ingredient id; Type: DEFAULT; Schema: public; Owner: foodgram_user
--

ALTER TABLE ONLY public.api_ingredient ALTER COLUMN id SET DEFAULT nextval('public.api_ingredient_id_seq'::regclass);


--
-- Name: api_recipe id; Type: DEFAULT; Schema: public; Owner: foodgram_user
--

ALTER TABLE ONLY public.api_recipe ALTER COLUMN id SET DEFAULT nextval('public.api_recipe_id_seq'::regclass);


--
-- Name: api_recipe_ingredients id; Type: DEFAULT; Schema: public; Owner: foodgram_user
--

ALTER TABLE ONLY public.api_recipe_ingredients ALTER COLUMN id SET DEFAULT nextval('public.api_recipe_ingredients_id_seq'::regclass);


--
-- Name: api_recipe_tags id; Type: DEFAULT; Schema: public; Owner: foodgram_user
--

ALTER TABLE ONLY public.api_recipe_tags ALTER COLUMN id SET DEFAULT nextval('public.api_recipe_tags_id_seq'::regclass);


--
-- Name: api_shopcartrecipes id; Type: DEFAULT; Schema: public; Owner: foodgram_user
--

ALTER TABLE ONLY public.api_shopcartrecipes ALTER COLUMN id SET DEFAULT nextval('public.api_shopcartrecipes_id_seq'::regclass);


--
-- Name: api_tag id; Type: DEFAULT; Schema: public; Owner: foodgram_user
--

ALTER TABLE ONLY public.api_tag ALTER COLUMN id SET DEFAULT nextval('public.api_tag_id_seq'::regclass);


--
-- Name: auth_group id; Type: DEFAULT; Schema: public; Owner: foodgram_user
--

ALTER TABLE ONLY public.auth_group ALTER COLUMN id SET DEFAULT nextval('public.auth_group_id_seq'::regclass);


--
-- Name: auth_group_permissions id; Type: DEFAULT; Schema: public; Owner: foodgram_user
--

ALTER TABLE ONLY public.auth_group_permissions ALTER COLUMN id SET DEFAULT nextval('public.auth_group_permissions_id_seq'::regclass);


--
-- Name: auth_permission id; Type: DEFAULT; Schema: public; Owner: foodgram_user
--

ALTER TABLE ONLY public.auth_permission ALTER COLUMN id SET DEFAULT nextval('public.auth_permission_id_seq'::regclass);


--
-- Name: django_admin_log id; Type: DEFAULT; Schema: public; Owner: foodgram_user
--

ALTER TABLE ONLY public.django_admin_log ALTER COLUMN id SET DEFAULT nextval('public.django_admin_log_id_seq'::regclass);


--
-- Name: django_content_type id; Type: DEFAULT; Schema: public; Owner: foodgram_user
--

ALTER TABLE ONLY public.django_content_type ALTER COLUMN id SET DEFAULT nextval('public.django_content_type_id_seq'::regclass);


--
-- Name: django_migrations id; Type: DEFAULT; Schema: public; Owner: foodgram_user
--

ALTER TABLE ONLY public.django_migrations ALTER COLUMN id SET DEFAULT nextval('public.django_migrations_id_seq'::regclass);


--
-- Name: users_user id; Type: DEFAULT; Schema: public; Owner: foodgram_user
--

ALTER TABLE ONLY public.users_user ALTER COLUMN id SET DEFAULT nextval('public.users_user_id_seq'::regclass);


--
-- Name: users_user_groups id; Type: DEFAULT; Schema: public; Owner: foodgram_user
--

ALTER TABLE ONLY public.users_user_groups ALTER COLUMN id SET DEFAULT nextval('public.users_user_groups_id_seq'::regclass);


--
-- Name: users_user_user_permissions id; Type: DEFAULT; Schema: public; Owner: foodgram_user
--

ALTER TABLE ONLY public.users_user_user_permissions ALTER COLUMN id SET DEFAULT nextval('public.users_user_user_permissions_id_seq'::regclass);


--
-- Data for Name: api_favoriterecipes; Type: TABLE DATA; Schema: public; Owner: foodgram_user
--

COPY public.api_favoriterecipes (id, recipe_id, user_id) FROM stdin;
\.


--
-- Data for Name: api_follow; Type: TABLE DATA; Schema: public; Owner: foodgram_user
--

COPY public.api_follow (id, author_id, user_id) FROM stdin;
\.


--
-- Data for Name: api_ingredient; Type: TABLE DATA; Schema: public; Owner: foodgram_user
--

COPY public.api_ingredient (id, name, measurement_unit, amount) FROM stdin;
2	абрикосовое пюре	г	6
3	абрикосовый джем	г	16
4	абрикосовый сок	стакан	1
5	абрикосы	г	1
6	абрикосы консервированные	г	1
7	авокадо	по вкусу	1
8	агава сироп	г	1
9	агар-агар	г	1
10	аграм	г	50
11	аджика	г	1
12	аджика зеленая	г	2
13	айва	по вкусу	1
14	айвовое пюре	г	1
15	айран	г	1
16	айсинг	г	1
17	акула стейки	г	30
18	алкоголь	стакан	1
19	алкоголь крепкий	ст. л.	1
20	алыча	г	1
21	альбухара	шт.	1
22	альмехи	г	1
23	амарантовая мука	г	100
24	ананасовый сироп	г	1
25	ананасовый сок	г	1
26	ананасы	г	1
27	ананасы вяленые	г	1
28	ананасы консервированные	по вкусу	1
29	анис	по вкусу	1
30	анис звездочки	г	1
31	анисовый ликер	мл	1
32	анис семена	г	1
33	анчоусы	г	1
34	апельсиновая вода	г	45
35	апельсиновая цедра	г	1
36	апельсиновая эссенция	ч. л.	1
37	апельсиновое варенье	г	1
38	апельсиновые цукаты	г	1
39	апельсиновый джем	г	1
40	апельсиновый джем с имбирем	г	1
41	апельсиновый ликер	г	1
42	апельсиновый сироп	стакан	1
43	апельсиновый сок	по вкусу	1
44	апельсиновый сок свежевыжатый	г	1
45	апельсиновый уксус	ст. л.	1
46	апельсиновый экстракт	ч. л.	1
47	апельсины	г	1
48	апельсины красные	шт.	1
49	апельсины крупные	шт.	1
50	арахис	г	1
51	арахис жареный	г	1
52	арахисовая паста	г	1
53	арахисовое масло	г	1
54	арахис соленый	г	1
55	арбузная мякоть	г	1
56	арбузы	г	1
57	аргановое масло	г	1
58	аришта	г	1
59	ароматизатор	г	1
60	ароматизатор "ананас"	по вкусу	1
61	ароматизатор "вишня"	капля	1
62	ароматизатор "малина"	капля	1
63	ароматизатор "ром"	г	1
64	артишоки	г	1
65	артишоки в масле	г	1
66	артишоки маринованные	г	1
67	аспирин	шт.	1
68	ассорти мясное	г	1
69	ассорти овощное	г	1
70	ассорти фруктовое	г	1
71	ассорти ягодное	г	100
72	аши	г	1
73	багет	г	1
74	багет вчерашний	г	1
75	багет мини	г	1
76	бадан	звездочка	1
77	бадьян	щепотка	1
78	базилик лимонный	г	1
79	базилик свежий	г	1
80	базилик сушеный	г	1
81	базилик тайский	горсть	1
82	базилик фиолетовый	г	1
83	баклажаны	по вкусу	1
84	баклажаны мини	г	1
85	баклажаны тайские	г	1
86	балык	г	1
87	бальзам	г	1
88	бальзамический крем	стакан	1
89	бальзамический соус	ст. л.	1
90	бальзамический уксус	стакан	1
91	бальзам рижский черный	ст. л.	1
92	бамия	г	1
93	банановое пюре	г	1
94	банановые чипсы	горсть	1
95	банановый зеленый сироп	мл	1
96	банановый ликер	мл	1
97	бананы	г	1
98	бананы мини	г	1
99	барабулька	г	1
100	бараний ливер	г	1
101	бараний окорок на косточке	кусок	1
102	бараний фарш	г	1
103	баранина	г	1
104	баранки	г	1
105	бараньи антрекоты	кг	1
106	бараньи голяшки	шт.	1
107	бараньи потроха	кг	1
108	бараньи ребрышки	шт.	1
109	баранья лопатка	кг	1
110	баранья нога	г	1
111	баранья печень	г	1
112	барбарис	г	10
113	барбарис вяленый	ст. л.	10
114	барбарис молотый	г	1
115	бастурма	г	1
116	батат	г	1
117	батон	г	1
118	батончики шоколадные	г	1
119	безе	г	1
120	бекон	по вкусу	1
121	бекон варено-копченый	г	1
122	бекон сырокопченый	г	1
123	белорыбица	г	50
124	бирнель	мл	12
125	бисквик смесь готовая	пакет	1
126	бисквит	г	1
127	бисквитная крошка	г	1
128	бисквитный корж	г	1
129	бисквитный рулет	г	1
130	бисквит шоколадный	г	1
131	бифштекс	шт.	1
132	блинная мука	г	200
133	блины готовые	г	1
134	блины овсяные	шт.	1
135	бобовые ростки	г	1
136	бобы	г	1
137	бобы мунг пророщенные	г	23
138	бобы тонка	шт.	1
139	ботарга	г	1
140	брезаола	г	1
141	бренди	г	1
142	брокколи замороженная	г	1
143	брокколи свежая	г	1
144	брусника замороженная	г	1
145	брусника свежая	г	1
146	брусника сушеная	г	1
147	брусничное варенье	г	1
148	брусничный соус	г	300
149	брынза	по вкусу	1
150	брынза сербская	г	1
151	брюква	г	1
152	буженина	г	1
153	бузина сироп	ст. л.	1
154	букет гарни	пучок	1
155	булгур	г	1
156	булка	кусок	1
157	булка белая	г	1
158	булка сдобная	г	1
159	булочки	г	1
160	булочки белые черствые	г	1
161	булочки бриошь	шт.	1
162	булочки вчерашние	шт.	1
163	булочки для гамбургеров	шт.	1
164	булочки зерновые	шт.	1
165	булочки ржаные	кусок	1
166	булочки с кунжутом	шт.	1
167	бульон	г	1
168	бульонные кубики	г	1
169	бурбон	г	1
170	Буррата	г	1
171	буряк	г	1
172	бусинки кондитерские	ч. л.	1
173	бусинки кондитерские серебряные	по вкусу	1
174	бычий хвост	г	1
175	ванилин	г	1
176	ваниль в стручках	г	1
177	ванильная настойка	ст. л.	1
178	ванильная эссенция	г	1
179	ванильный порошок	г	1
180	ванильный сироп	г	1
181	ванильный экстракт	по вкусу	1
182	варенье	г	1
183	васаби	г	1
184	вафельная крошка	г	1
185	вафельные коржи	г	1
186	вафельные трубочки	г	1
187	вафли	г	1
188	вафли шоколадные	г	1
189	вермишель	г	1
190	вермишель яичная	г	1
191	вермут	г	1
192	вермут белый	г	1
193	вермут сухой	г	1
194	ветчина	г	1
195	ветчина вареная	г	1
196	ветчина варено-копченая	кусок	1
197	ветчина копченая	г	1
198	ветчина пармская	г	1
199	ветчина сырокопченая	г	1
200	вешенки	г	1
201	винегрет	г	1
202	винный камень	щепотка	1
203	винный уксус	г	1
204	винный уксус белый	г	1
205	винный уксус красный	ч. л.	1
206	винный уксус на чесноке	ч. л.	1
207	винный уксус на эстрагоне	ст. л.	1
208	вино белое	по вкусу	1
209	вино белое полусладкое	г	1
210	вино белое полусухое	г	1
211	вино белое сладкое	г	1
212	вино белое столовое	стакан	1
213	вино белое сухое	г	1
214	виноград	г	1
215	виноград без косточек	г	1
216	виноград белый	г	1
217	виноград изабелла	кг	1
218	виноградное желе	ст. л.	1
219	виноградные листья	г	1
220	виноградные листья маринованные	г	1
221	виноградные листья молодые	шт.	1
222	виноградный сок	г	1
223	виноградный сок осветленный	ч. л.	1
224	виноград синий	г	1
225	виноград черный	г	1
226	вино десертное	г	1
227	вино игристое сухое	г	1
228	вино красное	г	1
229	вино красное полусладкое	г	1
230	вино красное полусухое	г	1
231	вино красное сладкое	г	1
232	вино красное сухое	г	1
233	вино крепленое	г	1
234	вино розовое полусладкое	ст. л.	1
235	вино розовое полусухое	г	1
236	виски	г	1
237	витамин C в порошке	г	1
238	вишневая настойка	мл	1
239	вишневое варенье	г	1
240	вишневые листья	г	1
241	вишневый джем	г	1
242	вишневый ликер	по вкусу	1
243	вишневый сироп	стакан	1
244	вишневый сок	г	1
245	вишня	г	1
246	вишня вяленая	г	1
247	вишня замороженная	г	1
248	вишня засахаренная кондитерская	шт.	1
249	вишня коктейльная	г	1
250	вишня мараскино	шт.	1
251	вишня, протертая с сахаром	г	50
252	вода	г	1
253	вода минеральная без газа	стакан	1
254	вода минеральная газированная	г	1
255	водка	г	1
256	водка анисовая	ч. л.	50
257	водоросли	г	1
258	вустерширский соус	г	1
259	галангал корень	долька	1
260	галеты	г	1
261	гамбургер	г	1
262	ганаш	г	1
263	гарам масала	г	15
264	гарнир	г	1
265	гаспачо	г	1
266	гастропаб	г	1
267	гвоздика	г	1
268	гвоздика молотая	по вкусу	1
269	герань листья	г	1
270	геркулес	г	1
271	глазурь	г	1
272	глазурь белая	г	1
273	глазурь готовая	по вкусу	1
274	глазурь черная	по вкусу	1
275	глазурь шоколадная белая	г	1
276	глутамат натрия	г	1
277	глюкоза	г	1
278	глюкоза сироп	г	1
279	говядина	г	1
280	говядина на кости	г	1
281	говяжий фарш	по вкусу	1
282	говяжий язык	г	1
283	говяжье сердце	по вкусу	1
284	говяжьи бифштексы	г	1
285	говяжьи голяшки	г	1
286	говяжьи легкие	г	1
287	говяжьи ребра	г	1
288	говяжьи стейки рибай	г	1
289	говяжья вырезка	шт.	1
290	говяжья грудинка	кг	1
291	говяжья лопатка	г	1
292	говяжья мозговая кость	шт.	1
293	говяжья мякоть	кг	1
294	говяжья печень	шт.	1
295	говяжья черева	г	1
296	говяжья шейка	кг	1
297	годжи	г	1
298	голец филе	шт.	1
299	голубика	г	1
300	голубика замороженная	г	1
301	голубь	г	1
302	горбуша	по вкусу	1
303	горбуша в собственном соку	банка	1
304	горбуша филе	г	1
305	горгонзола	г	1
306	горгонзола пиканте	г	1
307	горох	г	1
308	горох колотый	г	1
309	гороховые ростки	горсть	1
310	гороховый суп	г	1
311	горошек зеленый	г	1
312	горошек зеленый замороженный	г	1
313	горошек зеленый консервированный	г	1
314	горошек стручковый свежий	г	1
315	горчица	г	1
316	горчица дижонская	г	1
317	горчица дижонская с медом	г	1
318	горчица желтая семена	г	1
319	горчица острая	г	1
320	горчица русская	ст. л.	1
321	горчица семена	г	1
322	горчица с зернами	г	1
323	горчица сухая	г	1
324	горчица французская	г	1
325	горчица цитрусовая	г	1
326	горчичное масло	г	1
327	горчичный порошок	г	1
328	грана падано	ст. л.	1
329	гранатные зерна	г	1
330	гранатовая паста	ст. л.	1
331	гранатовый сироп	г	1
332	гранатовый сок	г	1
333	гранатовый сок свежевыжатый	мл	1
334	гранатовый соус	ч. л.	1
335	гранаты	г	1
336	гранита	г	1
337	гранола с орехами	г	1
338	граппа	ч. л.	1
339	гратен	кг	1
340	грейпфрутовая цедра	г	1
341	грейпфрутовый сок	г	1
342	грейпфруты	г	1
343	грейпфруты розовые	г	1
344	гренадин	г	1
345	гренки	г	1
346	грецкие орехи	г	1
347	грецкие орехи рубленые	г	1
348	гречневая крупа	г	1
349	гречневая крупа зеленая	ст. л.	1
350	гречневая лапша соба	г	1
351	гречневая мука	г	1
352	гречневое молоко	стакан	1
353	гречневые хлопья	г	1
354	грибы	г	1
355	грибы белые	г	1
356	грибы белые замороженные	г	1
357	грибы белые маринованные	г	1
358	грибы белые сухие	г	1
359	грибы замороженные	г	1
360	грибы замороженные (опята и маслята)	г	1
361	грибы лесные	г	1
362	грибы маринованные	г	1
363	грибы свежие	г	1
364	грибы соленые	г	1
365	грибы соломенные консервированные	шт.	1
366	грибы сухие	г	1
367	грибы шиитаке	г	1
368	грибы шиитаке сухие	г	1
369	гриль	г	1
370	гриссини	г	1
371	грудинка	г	1
372	грудинка варено-копченая	г	1
373	грудинка копченая	по вкусу	1
374	грушевое пюре	г	1
375	грушевый ликер	мл	1
376	грушевый сироп	мл	1
377	грушевый сок	г	1
378	грушевый уксус	ст. л.	1
379	груши	по вкусу	1
380	груши вяленые	г	1
381	грюйер	г	1
382	гуава	шт.	1
383	гуанчиале	г	1
384	гурьевская каша	г	1
385	гусиная грудка копченая	г	1
386	гусиная печень	г	1
387	гусиный жир	ст. л.	1
388	гусь	г	1
389	гусь тушка	кг	1
390	дайкон	г	1
391	детское питание	г	1
392	джем	г	20
393	джин	г	1
394	джусай	г	1
395	диоксид титана	г	1
396	долма	г	1
397	дорада	шт.	1
398	дорада потрошеная с головой	шт.	1
399	дорада с головой	шт.	1
400	дорада тушка	шт.	1
401	драже	г	1
402	дрожжи домашние	г	1
403	дрожжи свежие	г	1
404	дрожжи сухие	по вкусу	1
405	дубовая кора	г	1
406	душица	г	1
407	дыня	г	1
408	ежевика	г	1
409	ежевика замороженная	г	1
410	ерш	г	1
411	ёрш-носарь	шт.	1
412	желатин	г	1
413	желатин листовой	по вкусу	1
414	желе	г	1
415	желе для торта	упаковка	1
416	желирующее вещество	упаковка	1
417	желирующий сахар	г	1
418	женьшень	г	1
419	жидкий дым	г	1
420	жимолость	г	1
421	жир	г	1
422	жир вытопленный	стакан	1
423	жир кулинарный	г	1
424	жир растительный	г	1
425	заатар	щепотка	1
426	завтрак сухой	г	1
427	завтрак сухой подушечки	г	1
428	загуститель для сливок	г	1
429	зайчатина	г	1
430	закваска	пакет	1
431	закваска вечная	г	1
432	заменитель сахара	по вкусу	1
433	заменитель сахара стевия	г	1
434	заправка для салатов готовая	г	1
435	зверобой	по вкусу	1
436	зелень	г	1
437	зелень рубленая	г	1
438	земляника	по вкусу	1
439	земляника замороженная	г	1
440	зефир	г	1
441	зира	г	1
442	злаковые хлопья	г	1
443	зубатка	г	1
444	зубатка филе	г	1
445	изолят соевого протеина	г	1
446	изюм	г	1
447	изюм без косточек	г	1
448	изюм белый	г	1
449	изюм черный	г	1
450	икра	г	1
451	икра вяленой рыбы	г	1
452	икра горбуши зернистая	г	1
453	икра красная	г	1
454	икра красной рыбы мелкая	г	1
455	икра летучей рыбы	г	1
456	икра лосося	г	1
457	икра мойвы	г	1
458	икра палтуса	г	1
459	икра судака	г	1
460	икра черная	г	1
461	имбирное варенье	г	1
462	имбирное печенье	по вкусу	1
463	имбирные цукаты	ст. л.	1
464	имбирь	г	1
465	имбирь засахаренный	г	1
466	имбирь корень	г	1
467	имбирь маринованный	г	1
468	имбирь молотый	г	1
469	индейка	г	1
470	индейка голень	г	1
471	индейка грудка	г	1
472	индейка копченая	г	1
473	индейка тушка	шт.	1
474	индейка фарш	г	1
475	индейка филе	г	1
476	индоутка	шт.	1
477	индюшачья печень	г	1
478	инжир	г	1
479	инжир свежий	г	1
480	инжир сушеный	г	1
481	ирга	г	1
482	ириски	г	1
483	итальянские травы	г	1
484	йогурт	г	1
485	йогурт греческий	г	1
486	йогурт жирный	г	1
487	йогурт козий	г	1
488	йогурт натуральный	г	1
489	йогурт нежирный	г	1
490	йогурт обезжиренный	г	1
491	йогурт фруктовый	г	1
492	кабачки	г	1
493	кабачки замороженные	г	1
494	кабачки молодые	г	1
495	каджунская смесь специй	ст. л.	1
496	какао	горсть	1
497	какао-бобы	г	1
498	какао-масло	г	1
499	какао-порошок	по вкусу	1
500	какао-порошок обезжиренный	г	1
501	какао сгущенное	банка	1
502	калина	по вкусу	1
503	калина протертая	г	1
504	калинджи семена	ч. л.	1
505	кальвадос	г	1
506	кальмары	г	1
507	кальмары вареные	г	1
508	кальмары замороженные	г	1
509	кальмары консервированные	г	1
510	кальмары филе	шт.	1
511	камамбер	упаковка	1
512	камбала	г	1
513	камбала филе	г	1
514	кампари	мл	1
515	кандурин золотой	ч. л.	1
516	каннеллони	г	1
517	капеллини	г	1
518	каперсы	г	1
519	каперсы в винном уксусе	г	1
520	каперсы маринованные	г	1
521	капуста белокочанная	г	1
522	капуста брюссельская	г	1
523	капуста брюссельская замороженная	г	1
524	капуста кале	г	1
525	капуста квашеная	по вкусу	1
526	капуста кольраби	г	1
527	капуста краснокочанная	г	1
528	капуста морская	по вкусу	1
529	капуста морская замороженная	г	1
530	капуста морская сушеная	г	1
531	капуста пекинская	г	1
532	капуста савойская	г	1
533	капуста цветная	г	1
534	капуста цветная замороженная	г	1
535	капустный рассол	г	1
536	капучино	г	1
537	каракатица	г	1
538	каракатица очищенная	г	1
539	карамбола	г	1
540	карамель	мл	1
541	карамельный соус	г	1
542	карамель с начинкой	г	1
543	карамель соленая	г	1
544	карась	г	1
545	карбонад	г	1
546	кардамон	г	1
547	кардамон зерна	ч. л.	1
548	кардамон молотый	г	1
549	кардамон стручки	шт.	1
550	каркаде	г	1
551	карп	г	1
552	карп зеркальный	кг	1
553	карп филе	кг	1
554	карри	г	1
555	карри листья	г	1
556	карри паста	пакет	1
557	картофель	г	100
558	картофель вареный	г	1
559	картофель вареный в мундире	г	1
560	картофель молодой	г	1
561	картофельное пюре	по вкусу	1
562	картофельные ньокки	г	1
563	картофельные хлопья	г	1
564	картофельные чипсы	г	1
565	картофельный крахмал	г	1
566	картофельный отвар	г	1
567	картофельный хэш замороженный	г	1
568	картофель печеный	г	1
569	катык	г	1
570	каффир-лайм листья	по вкусу	1
571	каша	г	1
572	каша для детского питания	г	1
573	каштановая мука	г	1
574	каштановый крем	г	1
575	каштаны	г	1
576	каштаны вареные	г	1
577	каштаны консервированные	г	1
578	каштаны очищенные	г	1
579	квас	г	1
580	квасное сусло	г	1
581	квасной концентрат сухой	упаковка	1
582	квас хлебный	г	1
583	кедровая мука	г	1
584	кедровые орехи	г	1
585	кедровые орехи жареные	г	1
586	кета	г	1
587	кетчуп острый	по вкусу	1
588	кетчуп томатный	г	1
589	кетчуп тосканский	ст. л.	1
590	кетчуп шашлычный	г	1
591	кефаль	г	1
592	кефир	по вкусу	60
593	кефир 1%	г	1
594	кефир 2,5%	г	1
595	кефир 3,2%	г	1
596	кефир обезжиренный	г	1
597	кешью	г	1
598	кивано	г	1
599	киви	кг	1
600	киви желе	г	1
601	кижуч	г	1
602	кижуч горячего копчения филе	г	1
603	кизил	г	1
604	килька	г	1
605	кимчи	г	1
606	кинза свежая	зубчик	1
607	кинза сушеная	г	1
608	киноа	г	1
609	киноа молотая	г	1
610	кипяток	г	1
611	кирш	ст. л.	1
612	кисель	г	1
613	кисель сухой	г	1
614	кисломолочный напиток Тан	мл	1
615	кишки	г	1
616	клейковина	г	1
617	клементины	г	1
618	кленовый сироп	г	1
619	клубника	г	1
620	клубника в сиропе	г	1
621	клубника замороженная	г	1
622	клубника, протертая с сахаром	г	1
623	клубника сушеная	г	1
624	клубничное варенье	г	1
625	клубничное желе	упаковка	1
626	клубничное пюре	г	1
627	клубничный джем	г	1
628	клубничный джем густой	мл	1
629	клубничный компот	стакан	1
630	клубничный ликер	г	1
631	клубничный сироп	г	1
632	клюква	г	1
633	клюква вяленая	г	1
634	клюква замороженная	г	1
635	клюква, протертая с сахаром	г	1
636	клюквенное варенье	г	1
637	клюквенный джем	г	1
638	клюквенный морс	ст. л.	1
639	клюквенный сироп	г	1
640	клюквенный соус	г	1
641	козлиная печень	г	1
642	козлятина молодая	кг	1
643	кока-кола	ст. л.	1
644	кокосовая вода	стакан	1
645	кокосовая мука	ст. л.	1
646	кокосовая стружка	г	1
647	кокосовая стружка цветная	г	1
648	кокосовое масло	мл	1
649	кокосовое молоко	г	1
650	кокосовые сливки	г	1
651	кокосовый ликер	ст. л.	1
652	кокосовый экстракт	г	1
653	кокосы	г	1
654	кола	г	1
655	колбаса	г	1
656	колбаса вареная	г	1
657	колбаса варено-копченая	г	1
658	колбаса копченая	г	1
659	колбаса кровяная	г	1
660	колбаса полукопченая	г	1
661	колбаса сырокопченая	г	1
662	колбаска свиная свежая (salsiccia)	шт.	1
663	колбаски	г	1
664	колбаски для жарки	г	1
665	колбаски домашние	шт.	1
666	колбаски охотничьи	г	1
667	колбаски сырокопченые	шт.	1
668	компот	г	1
669	конопляное масло	ст. л.	1
670	конопля семена	г	1
671	конфеты	по вкусу	1
672	конфеты M&M’s	г	1
673	конфеты жевательные лакричные	г	1
674	конфеты Коровка	г	1
675	конфеты Трюфель	г	1
676	конфитюр	по вкусу	1
677	конфитюрка	упаковка	1
678	коньяк	г	1
679	копчености	г	1
680	коренья	по вкусу	1
681	кориандр	г	1
682	кориандр зелень	г	1
683	кориандр молотый	г	1
684	кориандр семена	г	1
685	коринка	ст. л.	1
686	корица	г	1
687	корица молотая	г	1
688	корнишоны	г	1
689	корнишоны маринованые	г	1
690	корюшка	г	1
691	корюшка горячего копчения	г	1
692	кости	г	1
693	кости мозговые	г	1
694	кость сахарная	г	1
695	кофе в зернах	стакан	1
696	кофе зеленый	г	1
697	кофейные зерна в шоколаде	г	1
698	кофейный ликер	г	1
699	кофейный ликер Kahlua	мл	1
700	кофейный напиток	мл	1
701	кофейный сироп	г	1
702	кофейный экстракт	мл	1
703	кофе молотый	ст. л.	1
704	кофе растворимый	г	1
705	кофе свежесваренный	г	1
706	кофе черный	г	1
707	кофе эспрессо	стакан	1
708	крабовое мясо	г	1
709	крабовые палочки	по вкусу	1
710	краб снежный	по вкусу	1
711	крабы	г	1
712	крапива	г	1
713	краситель-гель пищевой	шт.	1
714	краситель пищевой	г	1
715	краситель пищевой вишневый	щепотка	1
716	краситель пищевой желтый	г	1
717	краситель пищевой зеленый	ст. л.	1
718	краситель пищевой красный	г	1
719	краситель пищевой оранжевый	г	1
720	краситель пищевой фиолетовый	г	1
721	краситель пищевой черный	г	1
722	красная смородина	г	1
723	красная смородина, протертая с сахаром	ст. л.	1
724	красноперка	шт.	1
725	красносмородиновое варенье	г	1
726	красный винный соус	г	1
727	крахмал	г	1
728	креветки	г	1
729	креветки замороженные	г	1
730	креветки королевские	г	1
731	креветки очищенные	г	1
732	креветки очищенные в рассоле	г	1
733	креветки салатные	г	1
734	креветки сушеные	г	1
735	креветки тигровые	г	1
736	крекер	г	1
737	крекер соленый	г	1
738	крем заварной	г	1
739	крем заварной порошковый	г	1
740	крем-фреш	г	1
741	кресс-салат	г	1
742	кровь	мл	1
743	кролик	г	1
744	кролик тушка	г	1
745	кролик филе	г	1
746	кроличья печень	г	1
747	круассаны	по вкусу	1
748	крутоны мелкие	г	1
749	крыжовник	г	1
750	крыжовниковое варенье	банка	1
751	кукуруза	г	1
752	кукуруза замороженная	г	1
753	кукуруза консервированная	г	1
754	кукуруза обжаренная кикос	г	1
755	кукурузная крупа	г	1
756	кукурузная мука	г	1
757	кукурузное масло	г	5
758	кукурузные лепешки	шт.	1
759	кукурузные палочки	г	1
760	кукурузные хлопья	г	1
761	кукурузные хлопья глазированные	г	1
762	кукурузные чипсы	г	1
763	кукурузный (золотой) сироп	г	1
764	кукурузный крахмал	по вкусу	1
765	кумин	г	1
766	кумкваты	горсть	1
767	кунжут	г	1
768	кунжутная мука	г	1
769	кунжутная паста	г	1
770	кунжутное масло	г	1
771	кунжутные семечки	по вкусу	1
772	кунжут черный	ч. л.	1
773	купаты	шт.	1
774	курага	по вкусу	1
775	курдючное сало	г	1
776	курдючный жир	г	1
777	куриная ветчина	г	1
778	куриная кожа	г	1
779	куриная печень	г	1
780	куриное карпаччо	г	1
781	куриное филе	г	1
782	куриные бедра	г	1
783	куриные голени	г	1
784	куриные голени копченые	шт.	1
785	куриные грудки	г	1
786	куриные грудки вареные	г	1
787	куриные грудки копченые	г	1
788	куриные желудочки	шт.	1
789	куриные кости	г	1
790	куриные крылья	г	1
791	куриные окорочка	г	1
792	куриные окорочка копченые	г	1
793	куриные потрошки	г	1
794	куриные сердечки	г	1
795	куриный бульон	г	1
796	куриный паштет	г	1
797	куриный суповой набор	кг	1
798	куриный фарш	г	1
799	курица	г	1
800	курица вареная	г	1
801	курица для жарки	кг	1
802	курица копченая	г	1
803	курица тушка	г	1
804	куркума	г	1
805	куропатки	г	1
806	кускус	г	1
807	кускус жемчужный	стакан	1
808	кэроб	г	1
809	лаванда	г	1
810	лаванда сушеная	щепотка	1
811	лавандовый краситель	ч. л.	1
812	лаваш	по вкусу	1
813	лаваш армянский	г	1
814	лаваш персидский круглый	г	1
815	лаваш тонкий	пласт	1
816	лавровые листья свежие	шт.	1
817	лавровый лист	г	1
818	лайм	г	1
819	лайм листья	шт.	1
820	лаймовая цедра	г	1
821	лаймовый сок	г	1
822	лангустины	шт.	1
823	лапша	г	1
824	лапша для лагмана	упаковка	1
825	лапша ширатаки	г	1
826	лапша яичная в гнездах	шт.	1
827	латук	г	1
828	легкие	г	1
829	лед	г	1
830	леди-фиш тушка	шт.	1
831	лемонграсс (лимонное сорго)	г	1
832	лен семена	г	1
833	лепешки	г	1
834	лепешки арабские	шт.	1
835	лесные орехи	г	1
836	лечо	г	1
837	ливер	г	1
838	ликер	г	1
839	ликер Alchermes	г	1
840	ликер Amaretto	г	1
841	ликер Baileys	г	1
842	ликер Cointreau	г	1
843	ликер кремовый	г	1
844	ликер сливочный	г	1
845	лимонад	г	1
846	лимонная кислота	г	1
847	лимонная цедра	г	1
848	лимонник стебель	г	1
849	лимонник ягоды	г	1
850	лимонные корочки засахаренные	г	1
851	лимонные цукаты	г	1
852	лимонный сок	г	1
853	лимонный уксус	г	1
854	лимонный экстракт	г	1
855	лимончелло	г	1
856	лимоны	г	1
857	лимоны сушеные	г	1
858	лингвине	шт.	1
859	лисички	г	1
860	лисички сушеные	г	1
861	личи	шт.	1
862	личи компот	г	1
863	лобстер	г	1
864	лонган	г	1
865	лонгконг	шт.	1
866	лососевые молоки	г	1
867	лососевый фарш	г	1
868	лосось	г	1
869	лосось горячего копчения	г	1
870	лосось копченый	г	1
871	лосось свежесоленый	г	1
872	лосось свежий	г	1
873	лосось свежий филе	г	1
874	лосось слабосоленый	г	1
875	лосось стейки	г	1
876	лосось филе	г	1
877	лосось филе на коже	г	1
878	лосось холодного копчения	г	1
879	лосятина	кг	1
880	лук белый	по вкусу	1
881	лук зеленый	г	1
882	лук красный	по вкусу	1
883	лук маринованный	г	1
884	луковая шелуха	г	1
885	луковый порошок	г	1
886	лук-порей	горсть	1
887	лук-резанец	по вкусу	1
888	лук репчатый	г	1
889	лук репчатый мелкий	г	1
890	лук салатный	шт.	1
891	лук сушеный	г	1
892	лук-шалот	г	1
893	лук-шалот красный	шт.	1
894	льняная мука	г	1
895	льняное масло	ч. л.	1
896	льняное семя	г	1
897	льняное семя молотое	г	1
898	любисток	г	1
899	маасдам	г	1
900	мадера	г	1
901	майонез	г	1
902	майонез домашний	г	1
903	майонез легкий	г	1
904	майонезный соус «Слобода» Постный	г	1
905	майонез оливковый	г	1
906	майонез «Слобода» Легкий	г	1
907	майонез «Слобода» На перепелиных яйцах	г	1
908	майонез «Слобода» Оливковый	г	1
909	майонез «Слобода» Провансаль	г	1
910	майонез «Слобода» С лимонным соком	г	1
911	майонез «Слобода» Сметанный	г	1
912	майоран	г	1
913	майоран свежий	по вкусу	1
914	майоран сушеный	г	1
915	мак	г	1
916	макаронные изделия	г	1
917	макаронные изделия мелкие	г	1
918	макароны	г	1
919	макароны-бабочки (farfalle)	г	45
920	макароны-бабочки (farfalle) мини	г	1
921	макароны баветте	г	1
922	макароны-бантики	г	1
923	макароны букатини	г	1
924	макароны джильи	г	1
925	макароны диталони	г	1
926	макароны-звездочки	стакан	1
927	макароны орзо	г	1
928	макароны-ракушки (conchiglie)	г	15
929	макароны-ракушки (conchiglie rigate)	г	1
930	макароны-ракушки крупные	г	1
931	макароны рисони	г	1
932	макароны-рожки (pipe rigate)	г	1
933	макароны-спиральки (fusilli)	г	1
934	макароны-ушки (orecchiette)	г	1
935	маккерончини	г	1
936	мак молотый	г	1
937	маковая масса	пачка	1
938	малина	г	1
939	малина замороженная	г	1
940	малина, протертая с сахаром	стакан	1
941	малина сушеная	г	1
942	малиновое варенье	г	1
943	малиновое желе	г	1
944	малиновое пюре	г	1
945	малиновый джем	г	1
946	малиновый крем	г	1
947	малиновый сироп	ч. л.	1
948	малиновый соус	ч. л.	1
949	малиновый уксус	мл	1
950	малиновый чай	г	1
951	манго	по вкусу	1
952	манговый сироп	мл	1
953	манго консервированное	г	1
954	мангольд	г	1
955	мангустин	шт.	1
956	мандариновое пюре	г	1
957	мандариновые цукаты	г	1
958	мандариновый сок	г	1
959	мандарины	по вкусу	1
960	мандарины в собственном соку	г	1
961	манная крупа	г	1
962	маракуйя	г	1
963	маргарин	г	1
964	маргарин сливочный	г	1
965	мармелад	по вкусу	1
966	мармелад бутербродный	г	1
967	марсала	стакан	1
968	мартини	г	1
969	мартини красный	г	1
970	марципан	по вкусу	1
971	марципан зеленый	г	1
972	марципан розовый	г	1
973	маршмеллоу	г	1
974	маршмеллоу крем	г	1
975	маршмеллоу мини	г	1
976	маскарпоне	г	1
977	маслины	г	1
978	маслины без косточек	г	1
979	масло авокадо	г	1
980	масло виноградных косточек	г	1
981	масло грецкого ореха	ч. л.	1
982	масло для фритюра	г	1
983	масло кедрового ореха	г	1
984	маслята	г	1
985	мастика	г	1
986	мастика желатиновая	г	1
987	мастика шоколадная	г	1
988	матча	г	1
989	мафальдине	г	1
990	маца	г	1
991	мацони	г	1
992	маш	г	1
993	мед	г	1
994	мед акации	г	1
995	мед гречишный	г	1
996	мед жидкий	г	1
997	мед лавандовый	г	1
998	мелисса	г	1
999	меренги	шт.	1
1000	мидии	г	1
1001	мидии в раковинах	г	1
1002	мидии в раковинах крупные черные	г	1
1003	мидии в раковинах мелкие зеленые	г	1
1004	мидии замороженные	шт.	1
1005	мидии копченые в масле	г	1
1006	микрозелень	горсть	1
1007	миндаль	г	1
1008	миндаль жареный	г	1
1009	миндаль измельченный	г	1
1010	миндальная масса	г	1
1011	миндальная мука	г	1
1012	миндальная паста	г	1
1013	миндальная эссенция	г	1
1014	миндальное масло	г	1
1015	миндальное молоко	г	1
1016	миндальное печенье	г	1
1017	миндальное пралине	г	1
1018	миндальные лепестки	г	1
1019	миндальный ликер	г	1
1020	миндальный сироп	г	1
1021	миндальный экстракт	капля	1
1022	миндаль очищенный	г	1
1023	миндаль рубленый	г	1
1024	мини-кукуруза	шт.	1
1025	минога	г	1
1026	минтай	г	1
1027	минтай печень	г	1
1028	минтай филе	г	1
1029	мисо-паста	г	1
1030	мисо-суп	пакет	1
1031	можжевельник ягоды	г	1
1032	мойва	г	1
1033	моллюски	г	1
1034	молоко	г	1
1035	молоко 0,5%	г	1
1036	молоко 1,5%	г	1
1037	молоко 2,5%	г	1
1038	молоко 3,2%	г	1
1039	молоко 3,6%	г	1
1040	молоко 4%	г	1
1041	молоко 6%	г	1
1042	молоко козье	г	1
1043	молоко концентрированное	г	1
1044	молоко рисовое	мл	1
1045	молоко сгущенное	г	1
1046	молоко сгущенное вареное	ст. л.	1
1047	молоко сгущенное с какао	г	1
1048	молоко сухое	г	1
1049	молоко сухое обезжиренное	ст. л.	1
1050	молоко топленое	г	1
1051	молочная смесь	г	1
1052	молочные продукты	г	1
1053	морепродукты	шт.	1
1054	морковное пюре	г	1
1055	морковь	г	1
1056	морковь вареная	г	1
1057	морковь крупная	г	1
1058	морковь молодая	г	1
1059	морковь по-корейски	г	1
1060	морковь тертая	шт.	1
1061	мороженое	по вкусу	1
1062	мороженое ванильное	г	1
1063	мороженое клубничное	г	1
1064	мороженое лимонное	по вкусу	1
1065	мороженое малиновое	г	1
1066	мороженое пломбир	г	1
1067	мороженое шоколадное	мл	1
1068	морошка	г	1
1069	морские гребешки	кг	1
1070	морской коктейль	г	1
1071	морской коктейль в масле	упаковка	1
1072	морской коктейль замороженный	г	1
1073	морской черт	г	1
1074	морской язык	г	1
1075	морской язык филе	г	1
1076	мортаделла	г	1
1077	моцарелла	г	1
1078	моцарелла для запекания	г	1
1079	моцарелла для пиццы	г	1
1080	моцарелла мини	г	1
1081	моцарелла с травами	г	1
1082	моцарелла шарик большой	г	1
1083	мука	г	1
1084	мука 1 сорт	г	1
1085	мука 2 сорт	г	1
1086	мука «Аладушкин»	г	1
1087	мука грубого помола	г	1
1088	мука для темпуры	г	1
1089	мука из пророщенной пшеницы	ст. л.	1
1090	мука манитоба	г	1
1091	мука самоподнимающаяся	г	1
1092	мука с отрубями	ч. л.	1
1093	мука с семечками	г	1
1094	мука хлебопекарная	г	1
1095	мука цельнозерновая	г	1
1096	мускат белый	мл	1
1097	мускатное вино	г	1
1098	мускатный орех	г	1
1099	мускатный орех молотый	г	1
1100	мюсли	г	1
1101	мягкий творог	г	1
1102	мясной бульон	г	1
1103	мясной фарш	г	1
1104	мясо	г	1
1105	мясо дикого кабана	г	1
1106	мясо криля	г	1
1107	мясо на косточке	кг	1
1108	мята	г	1
1109	мята сушеная	г	1
1110	мятный сироп	г	1
1111	мятный шнапс	г	1
1112	нардек	г	10
1113	нектарины	шт.	1
1114	нога ягненка без кости	г	1
1115	нори	г	1
1116	нуга	г	1
1117	нуга с орехами	г	1
1118	нут	г	1
1119	нутелла	г	1
1120	нут консервированный	г	1
1121	нутовая мука	г	1
1122	облепиха	г	1
1235	пеперончино	ч. л.	1
1123	облепиха замороженная	г	10
1124	облепиховый сироп	стакан	1
1125	овощи	г	1
1126	овощная смесь	г	1
1127	овощная смесь замороженная	г	1
1128	овощная смесь замороженная для wok	г	1
1129	овощная смесь по-китайски	г	1
1130	овощной бульон	по вкусу	1
1131	овсяная мука	г	1
1132	овсяное молоко	стакан	1
1133	овсяное печенье	г	1
1134	овсяное толокно	г	1
1135	овсяные зерна	г	1
1136	овсяные отруби	г	1
1137	овсяные хлопья	г	1
1138	овсяные хлопья быстрого приготовления	г	1
1139	огуречный рассол	стакан	1
1140	огурцы	г	1
1141	огурцы консервированные	шт.	1
1142	огурцы малосольные	шт.	1
1143	огурцы маринованные	банка	1
1144	огурцы свежие	г	1
1145	огурцы соленые	г	1
1146	одуванчики	г	1
1147	окорок	г	1
1148	окорок варено-копченый	г	1
1149	окунь	г	1
1150	окунь красный филе	г	1
1151	окунь морской	г	1
1152	окунь морской филе	г	1
1153	окунь филе	г	1
1154	оленина	г	1
1155	оливки	г	1
1156	оливки без косточек	г	1
1157	оливки зеленые	по вкусу	1
1158	оливки зеленые консервированные	банка	1
1159	оливки каламата	г	1
1160	оливки консервированные	г	1
1161	оливки, фаршированные анчоусами	г	1
1162	оливки черные	по вкусу	1
1163	оливковая паста	г	1
1164	оливковое масло	г	1
1165	оливковое масло Extra Virgin	г	1
1166	опунция плоды	г	1
1167	опята	по вкусу	1
1168	опята замороженные	г	1
1169	опята маринованные	г	1
1170	орегано	г	1
1171	орегано свежий	г	1
1172	орегано сушеный	г	1
1173	орехи	г	1
1174	орехи бразильские	г	1
1175	орехи макадамия	г	1
1176	орехи пекан	г	1
1177	орехи пекан засахаренные	г	1
1178	орехи пинии	г	1
1179	ореховая крошка	стакан	1
1180	ореховая паста	шт.	1
1181	ореховое масло	ст. л.	1
1182	ореховый ликер	мл	1
1183	ореховый соус	ст. л.	1
1184	осетр	г	1
1185	осетрина холодного копчения	г	1
1186	осьминог	г	1
1187	осьминоги консервированные	г	1
1188	осьминоги мини	г	1
1189	отруби	г	1
1190	ошеек	г	1
1191	пагр	г	1
1192	пажитник	г	1
1193	пажитник семена	г	1
1194	палтус	г	1
1195	пальмовое масло	г	1
1196	пангасиус	г	1
1197	панеттоне	шт.	1
1198	Панифарин	г	1
1199	панчетта	г	1
1200	папайя	г	1
1201	папайя консервированная в собственном соку	г	1
1202	папоротник	г	1
1203	папоротник соленый	упаковка	1
1204	паппарделле	г	1
1205	паприка	г	1
1206	паприка копченая	ст. л.	1
1207	паприка красная	ст. л.	1
1208	паприка красная молотая	г	1
1209	паприка острая копченая	г	1
1210	паприка сладкая	г	1
1211	паприка сладкая копченая	г	1
1212	паприка сладкая хлопьями	ч. л.	1
1213	пармезан	г	1
1214	паста	г	1
1215	паста веджимайт	г	1
1216	паста тахини	г	1
1217	паста хариса	ст. л.	1
1218	пастернак	г	1
1219	пастила	г	1
1220	пастила виноградная	г	1
1221	патиссоны	г	1
1222	патока	г	1
1223	патока крахмальная	г	1
1224	патока черная (меласса)	г	1
1225	пахта	г	1
1226	паштет	г	1
1227	пекарский порошок	г	1
1228	пекарский порошок	ч. л.	1
1229	пекорино	г	1
1230	пектин	г	1
1231	пеленгас	г	1
1232	пельмени	г	1
1233	пенне	г	1
1234	пенне ригате	г	12
1236	пеперончино молотый	щепотка	1
1237	переводной лист для шоколада	шт.	1
1238	перепелки	тушка	1
1239	перец	г	1
1240	перец белый	г	1
1241	перец белый горошком	по вкусу	1
1242	перец белый молотый	г	1
1243	перец белый свежемолотый	ч. л.	1
1244	перец болгарский	г	1
1245	перец болгарский желтый	г	1
1246	перец болгарский зеленый	г	1
1247	перец болгарский красный	г	1
1248	перец горошком	г	1
1249	перец горошком смесь	г	1
1250	перец душистый	щепотка	1
1251	перец душистый горошком	г	1
1252	перец душистый молотый	г	1
1253	перец испанский острый	шт.	1
1254	перец кайенский	г	1
1255	перец кайенский красный	г	1
1256	перец кайенский молотый	щепотка	1
1257	перец красный	г	1
1258	перец красный горошком	г	1
1259	перец красный жгучий	г	1
1260	перец красный молотый	г	1
1261	перец красный острый	г	1
1262	перец красный острый молотый	по вкусу	1
1263	перец красный хлопьями	щепотка	1
1264	перец лимонный	г	1
1265	перец маринованный	г	1
1266	перец острый	г	1
1267	перец острый зеленый	шт.	1
1268	перец острый молотый	щепотка	1
1269	перец падрон	г	1
1270	перец пеперони	г	1
1271	перец пеперони красный	шт.	1
1272	перец розовый горошком	г	1
1273	перец свежемолотый смесь	г	1
1274	перец сенегальский	по вкусу	1
1275	перец сладкий	г	1
1276	перец сладкий желтый	г	1
1277	перец сладкий зеленый	г	1
1278	перец сладкий красный	г	1
1279	перец сладкий красный маринованный	шт.	1
1280	перец сладкий красный молотый	г	1
1281	перец сладкий оранжевый	г	1
1282	перец сладкий сушеный	г	1
1283	перец сычуаньский	г	1
1284	перец халапеньо	г	1
1285	перец халапеньо маринованный	шт.	1
1286	перец черный	ст. л.	1
1287	перец черный горошком	по вкусу	1
1288	перец черный молотый	г	1
1289	перец черный свежемолотый	г	1
1290	перец чили	г	1
1291	перец чили зеленый	стручок	1
1292	перец чили красный	стручок	1
1293	перец чили маринованный	по вкусу	1
1294	перец чили молотый	г	1
1295	перец чили сухой	ст. л.	1
1296	перец чили хлопьями	по вкусу	1
1297	перец ямайский	г	1
1298	перловая крупа	г	1
1299	перловая мука	г	1
1300	персики	г	1
1301	персики консервированные	г	1
1302	персики сушеные	горсть	1
1303	персиковое пюре	г	1
1304	персиковый джем	г	1
1305	персиковый мармелад	ст. л.	1
1306	персиковый сироп	мл	1
1307	персиковый сок	г	1
1308	перцовая паста	ч. л.	1
1309	петрушка	г	1
1310	петрушка зелень	г	1
1311	петрушка итальянская	пучок	1
1312	петрушка корень	г	1
1313	петрушка рубленая	г	1
1314	петрушка сушеная	г	1
1315	печень	г	1
1316	печенье	по вкусу	1
1317	печенье Oreo	г	1
1318	печенье Амаретти	г	1
1319	печенье бисквитное	г	1
1320	печенье галетное	шт.	1
1321	печенье «Дамские пальчики»	г	1
1322	печенье песочное	г	1
1323	печенье рассыпчатое	г	1
1324	печенье Савоярди	г	1
1325	печенье сахарное	г	1
1326	печенье сладкое	г	1
1327	печенье сухое	г	1
1328	печенье шоколадное	г	1
1329	печенье Юбилейное молочное	г	1
1330	пиво	г	1
1331	пиво имбирное	мл	1
1332	пиво нефильтрованное	г	1
1333	пиво светлое	г	1
1334	пиво темное	банка	1
1335	пикша	шт.	1
1336	питы	по вкусу	1
1337	повидло	г	1
1338	подсолнечное масло	г	1
1339	подсолнечные семечки	г	1
1340	полба	г	1
1341	полба недозрелая	г	1
1342	полента	по вкусу	1
1343	полента быстрого приготовления	стакан	1
1344	помело	г	1
1345	помидоры	г	1
1346	помидоры бурые	г	1
1347	помидоры вяленые	по вкусу	1
1348	помидоры вяленые в масле	г	1
1349	помидоры желтые	шт.	1
1350	помидоры зеленые	кг	1
1351	помидоры консервированные	г	1
1352	помидоры консервированные в собственном соку	г	1
1353	помидоры консервированные в собственном соку с базиликом	г	1
1354	помидоры протертые пассата	г	1
1355	помидоры соленые	шт.	1
1356	помидоры сушеные хлопьями	г	1
1357	помидоры черри	г	1
1358	помидоры черри желтые	г	1
1359	попкорн	г	1
1360	поросенок	кг	1
1361	портвейн	г	1
1362	портобелло	г	1
1363	портулак	г	1
1364	посыпка кондитерская	по вкусу	1
1365	почки	г	1
1366	приправа 4 перца	г	1
1367	приправа 5 специй (five spice)	ч. л.	1
1368	приправа для баранины	ст. л.	1
1369	приправа для картофеля	г	1
1370	приправа для курицы	г	1
1371	приправа для макарон	по вкусу	1
1372	приправа для маринования свинины	по вкусу	1
1373	приправа для морепродуктов	по вкусу	1
1374	приправа для мяса	г	1
1375	приправа для паэльи	по вкусу	1
1376	приправа для пиццы	ч. л.	1
1377	приправа для плова	г	1
1378	приправа для птицы	ст. л.	1
1379	приправа для рыбы	г	1
1380	приправа для салатов	по вкусу	1
1381	приправа заатар	ч. л.	1
1382	приправа креольская	ст. л.	1
1383	приправа с сушеными грибами	ч. л.	1
1384	приправы	г	1
1385	прованские травы	г	1
1386	проволоне	г	1
1387	просекко	мл	1
1388	простокваша	г	1
1389	протеин сывороточный	г	1
1390	прошутто	г	1
1391	пряники	г	1
1392	пряничные специи	г	1
1393	пряности	г	1
1394	псиллиум	г	1
1395	птитим	г	1
1396	пудинг	г	1
1397	пудинг ванильный	г	1
1398	пудинг ванильный инстант	упаковка	1
1399	пудинг карамельный	г	1
1400	пшеница	г	1
1401	пшеничная крупа	г	1
1402	пшеничная мука	г	1
1403	пшеничная мука цельнозерновая	г	1
1404	пшеничные зародыши	стакан	1
1405	пшеничные отруби	г	1
1406	пшеничные ростки	г	1
1407	пшеничные хлопья	г	1
1408	пшенные хлопья	ст. л.	1
1409	пшено	г	1
1410	пыльца цветочная	г	1
1411	пюре	по вкусу	1
1412	радиккио	шт.	1
1413	разрыхлитель	г	1
1414	раки	шт.	1
1415	раковые шейки	г	1
1416	раковые шейки в рассоле	г	1
1417	рамбутан	г	1
1418	рапаны	г	1
1419	рапсовое масло	по вкусу	1
1420	рассол	г	1
1421	рассол от каперсов	ст. л.	1
1422	рассол от оливок	ст. л.	1
1423	растительное масло	г	1
1424	растительное масло для жарки	г	1
1425	растительное масло нерафинированное	стакан	1
1426	растительное масло рафинированное	г	1
1427	растительное молоко	стакан	1
1428	ревень	г	1
1429	реган	веточка	1
1430	редис	г	1
1431	редька	г	1
1432	редька белая	шт.	1
1433	редька зеленая	шт.	1
1434	редька черная	шт.	1
1435	репа	г	1
1436	репа белая	шт.	1
1437	ржаная закваска	г	1
1438	ржаная закваска густая	г	1
1439	ржаная мука	г	1
1440	ржаные отруби	г	1
1441	ригатони	г	1
1442	рикотта	г	1
1443	рикотта твердая	г	50
1444	рис	г	1
1445	рис арборио	г	1
1446	рис басмати	г	1
1447	рис бурый	г	1
1448	рис бурый и дикий смесь	г	1
1449	рис вареный	г	1
1450	рис виола	г	1
1451	рис девзира	г	1
1452	рис дикий	г	1
1453	рис дикий и золотистый смесь	г	1
1454	рис длиннозерный	г	1
1455	рис длиннозерный золотистый	г	1
1456	рис для плова	г	1
1457	рис для пудинга	г	1
1458	рис для ризотто	г	1
1459	рис для суши	г	1
1460	рис жасминовый	г	1
1461	рис золотистый	г	1
1462	рис индика	г	1
1463	рис италика	г	1
1464	рис карнароли	г	1
1465	рис красный	г	1
1466	рис круглозерный	г	1
1467	рис кубанский	г	1
1468	рисовая бумага	г	1
1469	рисовая лапша	г	1
1470	рисовая мука	г	1
1471	рисовое вино	ч. л.	1
1472	рисовые хлопья	г	1
1473	рисовые шарики воздушные	г	1
1474	рисовый крахмал	ст. л.	1
1475	рисовый уксус	по вкусу	1
1476	рис пропаренный	г	1
1477	рис пропаренный и дикий смесь	г	1
1478	рис японика	г	1
1479	рожь	г	1
1480	розмарин	шт.	1
1481	розмарин сушеный	по вкусу	1
1482	розовая вода	г	1
1483	розовые бутоны сушеные	г	1
1484	розовые лепестки	г	1
1485	розы	г	1
1486	рокфор	г	1
1487	ром	бутылка	1
1488	ромашка сушеная	г	1
1489	ромовый экстракт	ч. л.	1
1490	ром темный	г	1
1491	ростбиф	г	1
1492	рукола	г	1
1493	рулька	по вкусу	1
1494	рыба	г	1
1495	рыба белая	г	1
1496	рыба белая филе	г	1
1497	рыба консервированная	банка	1
1498	рыба копченая	г	1
1499	рыба копченая филе	г	1
1500	рыба красная	г	1
1501	рыба красная соленая	г	1
1502	рыба красная филе	г	1
1503	рыба-меч	г	1
1504	рыба морская	г	1
1505	рыба солнечник филе	шт.	1
1506	рыба-соль	тушка	1
1507	рыбное филе	г	1
1508	рыбные консервы	г	1
1509	рыбные кости	г	1
1510	рыбные обрезки, головы, плавники	по вкусу	1
1511	рыбный бульон	г	1
1512	рыбный соус	г	1
1513	рыбный соус Nam Pla	г	1
1514	рыбный соус тайский	г	1
1515	рыбный фарш	г	1
1516	рябина черноплодная	г	1
1517	рябчик	г	1
1518	ряженка	г	1
1519	ряженка 4%	г	1
1520	сайда	г	1
1521	сайда филе	г	1
1522	сайра	г	1
1523	сайра консервированная	банка	1
1524	саке	ст. л.	1
1525	салака	г	1
1526	салат	г	1
1527	салат айсберг	г	1
1528	салат китайский	г	1
1529	салат корн	пучок	1
1530	салат кочанный	г	1
1531	салат кучерявый	г	1
1532	салат листовой	г	1
1533	салатный микс	г	1
1534	салат романо	г	1
1535	салат фриссе	г	1
1536	сало	г	1
1537	сало копченое в перце	г	1
1538	сало копченое с мясными прослойками	г	1
1539	сало с мясными прослойками	г	1
1540	сальник	г	1
1541	сальса	г	1
1542	сальса верде	ч. л.	1
1543	салями	г	1
1544	салями итальянская	г	1
1545	сардельки	г	1
1546	сардельки копченые	г	1
1547	сардинки маленькие	шт.	1
1548	сардины	г	1
1549	сардины в масле	банка	1
1550	сахар	г	1
1551	сахар ванильный	г	1
1552	сахар демерара	г	1
1553	сахар жемчужный	г	1
1554	сахар коричневый	г	1
1555	сахар коричневый крупнокристаллический	г	1
1556	сахар мусковадо	горсть	1
1557	сахарная пудра	г	200
1558	сахарная пудра апельсиновая	г	1
1559	сахарная пудра ванильная	г	1
1560	сахарные жемчужинки	г	1
1561	сахарные кондитерские украшения	горсть	1
1562	сахарный песок	г	100
1563	сахарный песок крупный	г	1
1564	сахарный песок мелкий	г	1
1565	сахарный сироп	г	1
1566	сахар пальмовый	г	1
1567	сахар-рафинад	г	1
1568	сахар-рафинад с корицей	г	1
1569	сахар тростниковый	г	1
1570	сванская соль	г	1
1571	свекла	г	1
1572	свекла вареная	г	1
1573	свекольная ботва	г	1
1574	свекольные листья	г	1
1575	свиная вырезка	г	1
1576	свиная голова	г	1
1577	свиная грудинка	г	1
1578	свиная корейка	г	1
1579	свиная корейка копченая	г	1
1580	свиная корейка на кости	г	1
1581	свиная лопатка варено-копченая	г	1
1582	свиная мякоть	г	1
1583	свиная пашина	кг	1
1584	свиная печень	г	1
1585	свиная рулька	по вкусу	1
1586	свиная рулька варено-копченая	г	1
1587	свиная рулька копченая	г	1
1588	свиная шейка	кусок	1
1589	свинина	г	1
1590	свинина вареная	г	1
1591	свинина нежирная	г	1
1592	свинина с жирком	г	1
1593	свиное сердце	г	1
1594	свиное филе	г	1
1595	свиной подчеревок	г	1
1596	свиной фарш	г	1
1597	свиной язык	г	1
1598	свиные котлеты на косточке	шт.	1
1599	свиные легкие	г	1
1600	свиные ножки	г	1
1601	свиные отбивные	г	1
1602	свиные отбивные на косточке	г	1
1603	свиные ребра	г	1
1604	свиные уши	шт.	1
1605	свиные щечки	шт.	1
1606	свити	г	1
1607	сельдерей	г	1
1608	сельдерей зелень	г	1
1609	сельдерей корень	г	1
1610	сельдерей корень сушеный	по вкусу	1
1611	сельдерейная соль	г	1
1612	сельдерей семена	ч. л.	1
1613	сельдерей стебли	г	1
1614	сельдь	г	1
1615	сельдь слабосоленая	г	1
1616	сельдь соленая	шт.	1
1617	сельдь филе	г	1
1618	семга	г	1
1619	семга копченая	г	1
1620	семга свежая	г	1
1621	семга соленая	г	1
1622	семга филе на коже	г	1
1623	семечки	г	1
1624	семечки смесь	ст. л.	1
1625	семолина	г	1
1626	сервелат варено-копченый	г	1
1627	сибас	г	1
1628	сидр	г	1
1629	сироп	г	1
1630	сироп от консервированных груш	г	1
1631	сироп от консервированных персиков	ст. л.	1
1632	сироп топинамбура	стакан	1
1633	скумбрия	по вкусу	1
1634	скумбрия свежая	г	1
1635	скумбрия филе	г	1
1636	скумбрия холодного копчения	г	1
1637	сливки	упаковка	1
1638	сливки 10-20%	г	1
1639	сливки 15%	г	1
1640	сливки 20%	г	1
1641	сливки 33-35%	г	1
1642	сливки жирные	г	1
1643	сливки кондитерские	г	1
1644	сливовая паста	г	1
1645	сливовое варенье	г	1
1646	сливовое вино	г	1
1647	сливовый джем	г	1
1648	сливовый ликер	ст. л.	1
1649	сливовый соус	г	1
1650	сливочное масло	г	1
1651	сливы	кг	1
1652	сливы замороженные	г	1
1653	смалец	г	1
1654	смесь для кекса	шт.	1
1655	смесь для оладий	г	1
1656	смесь для хлеба 8 злаков	г	1
1657	сметана	г	1
1658	сметана 10%	г	1
1659	сметана 15%	ч. л.	1
1660	сметана 18%	г	1
1661	сметана 20%	г	1
1662	сметана 25%	г	1
1663	сметана 30%	г	1
1664	сметана 35%	г	1
1665	сметана жирная	г	1
1666	сметана нежирная	г	1
1667	сметана некислая	г	1
1668	смородина сушеная	г	1
1669	смородиновые листья	г	1
1670	сморчки сухие	г	1
1671	снежок	л	1
1672	сныть	г	1
1673	сода	г	1
1674	соевая мука	г	1
1675	соевое масло	г	1
1676	соевое молоко	г	1
1677	соевые ростки	г	1
1678	соевый соус	г	1
1679	сок	г	1
1680	сок из красных апельсинов	мл	1
1681	сок мультивитаминный	мл	1
1682	сок юзу	мл	1
1683	солод	ч. л.	1
1684	солод жидкий	г	1
1685	солодовый экстракт	г	1
1686	солод темный	г	1
1687	соломка	г	1
1688	соль	г	15
1689	соль гималайская	г	1
1690	соль крупного помола	г	1
1691	соль морская	г	1
1692	сом филе	г	1
1693	сосиски	г	1
1694	сосиски из куриного фарша	шт.	1
1695	сосиски копченые	г	1
1696	соус	г	1
1697	соус black bean	ст. л.	1
1698	соус sambal oelek	ч. л.	1
1699	соус барбекю	г	1
1700	соус краснодарский	г	1
1701	соус красный острый	г	1
1702	соус мирин	по вкусу	1
1703	соус наршараб	г	1
1704	соус острый	г	1
1705	соус песто	по вкусу	1
1706	соус сацебели	г	1
1707	соус табаско	капля	1
1708	соус терияки	г	1
1709	соус ткемали	стакан	1
1710	соус ткемали благородный	г	1
1711	соус ткемали ранний	ст. л.	1
1712	соус устричный	ч. л.	1
1713	соус чили	г	1
1714	соус чили сладкий	ч. л.	1
1715	соус экзотический	г	1
1716	соя	г	1
1717	спагетти	г	1
1718	спагетти № 3	г	1
1719	спагетти № 5	г	1
1720	спагетти лунги	г	1
1721	спаржа	кг	1
1722	спаржа белая	г	1
1723	спаржа зеленая	г	1
1724	спаржа молодая	г	1
1725	спек	г	1
1726	спельта	стакан	1
1727	спельтовая (полбяная) мука	г	1
1728	специи	г	1
1729	спирт	г	1
1730	спирулина порошок	г	1
1731	спред	г	1
1732	ставрида	г	1
1733	стейк семги	шт.	1
1734	стейк семги	г	1
1735	стеклянная лапша	г	1
1736	страчателла	г	1
1737	судак	г	1
1738	судак филе	г	1
1739	судак филе на коже	г	1
1740	сулугуни	г	1
1741	сулугуни копченый	г	1
1742	сумах	г	1
1743	суповой набор	г	1
1744	сухари	по вкусу	1
1745	сухари белые	г	1
1746	сухари молотые	г	1
1747	сухари панировочные	г	1
1748	сухари ржаные	г	1
1749	сухарная крошка	г	1
1750	сухофрукты	г	1
1751	сухофрукты тропические	по вкусу	1
1752	сушки	г	1
1753	сыворотка	г	1
1754	сыр	г	1
1755	сыр tete de moine	г	15
1756	сыр Австрия блю	г	1
1757	сыр адыгейский	г	1
1758	сыр бри	г	1
1759	сыр буко	г	1
1760	сыр гауда	г	1
1761	сыр гойя	г	1
1762	сыр голландский	г	1
1763	сыр голубой	г	1
1764	сыр гравьера	г	1
1765	сыр джугас	г	1
1766	сыр домашний	г	1
1767	сыр дорблю	г	1
1768	сыр имеретинский	г	1
1769	сыр кефалотири	г	1
1770	сырки творожные	г	1
1771	сыр козий мягкий	г	1
1772	сыр козий твердый	г	1
1773	сыр колбасный	г	1
1774	сыр копченый	г	1
1775	сыр коттедж	г	1
1776	сыр Маскарпоне	г	1
1777	сыр мраморный	г	1
1778	сыр мягкий	по вкусу	1
1779	сыр овечий	г	1
1780	сыр панир	г	1
1781	сыр пеше миньон	г	1
1782	сыр плавленый	г	1
1783	сыр плавленый шоколадный	г	1
1784	сыр пластинками	г	1
1785	сыр полутвердый	г	1
1786	сыр провола	г	1
1787	сыр российский	г	1
1788	сыр скаморца	г	1
1789	сыр скаморца копченый	г	1
1790	сыр сливочный	г	1
1791	сыр с плесенью	г	1
1907	устрицы	г	1
1792	сыр с плесенью мягкий	г	1
1793	сыр твердый	г	1
1794	сыр филадельфия	г	1
1795	сыр фонтина	г	1
1796	сыр хаварти	г	1
1797	сыр швейцарский	г	1
1798	сычужный фермент	ч. л.	1
1799	таледжо	г	1
1800	тальолини	г	1
1801	тальятелле	г	1
1802	тальятелле-гнезда	шт.	1
1803	тамаринд	шт.	1
1804	тамариндовая паста	ч. л.	1
1805	тапиока	г	1
1806	тарталетки	по вкусу	1
1807	тартар	ст. л.	1
1808	тархун	г	1
1809	творог	г	1
1810	творог 18%	г	1
1811	творог 2%	г	1
1812	творог 5%	г	1
1813	творог 9%	г	1
1814	творог жирный	г	1
1815	творог зерненый	г	1
1816	творог обезжиренный	г	1
1817	творожная масса	г	1
1818	творожная паста	г	1
1819	творожный сыр	г	1
1820	творожный сыр соленый	г	1
1821	творожок клубничный	г	1
1822	текила	стакан	1
1823	телятина	по вкусу	1
1824	телятина вареная	г	1
1825	телячий фарш	г	1
1826	телячьи отбивные на косточке	шт.	1
1827	телячьи шницели	шт.	1
1828	телячьи эскалопы	г	1
1829	телячья вырезка	г	1
1830	телячья печень	г	1
1831	телячья щека	шт.	1
1832	тесто бездрожжевое	г	1
1833	тесто готовое	г	1
1834	тесто для вонтонов	г	1
1835	тесто для пиццы	шт.	1
1836	тесто дрожжевое	по вкусу	1
1837	тесто катаифи	г	1
1838	тесто макаронное	г	1
1839	тесто макаронное для лазаньи	г	1
1840	тесто пельменное	г	1
1841	тесто песочное	по вкусу	1
1842	тесто пресное	г	1
1843	тесто пряничное	г	1
1844	тесто слоеное	г	1
1845	тесто слоеное бездрожжевое	по вкусу	1
1846	тесто слоеное дрожжевое	кг	1
1847	тесто фило	г	1
1848	тилапия	г	1
1849	тилапия филе	г	1
1850	тильзитер	г	1
1851	тимьян	горсть	1
1852	тимьян лимонный	веточка	1
1853	тимьян свежий	по вкусу	1
1854	тимьян сушеный	г	1
1855	ткемали	г	1
1856	тмин	г	1
1857	тмин молотый	г	1
1858	томатная паста	г	1
1859	томатное пюре	г	1
1860	томатный концентрат	г	1
1861	томатный порошок	г	1
1862	томатный сок	г	1
1863	томатный соус	г	1
1864	томатный соус итальянский	г	1
1865	томатный соус острый	г	1
1866	томатный соус с базиликом	г	1
1867	тоник	бутылка	1
1868	топинамбур	г	1
1869	топленое масло	г	1
1870	тортильи	по вкусу	1
1871	тортильони	г	1
1872	тофу	г	1
1873	травы ароматные	г	1
1874	травы пряные с перцем	ч. л.	1
1875	травы сухие	г	1
1876	треска	г	1
1877	треска печень	г	1
1878	треска филе	г	1
1879	трюфель	г	1
1880	трюфельная крошка	г	1
1881	трюфельное масло	ст. л.	1
1882	трюфель черный	шт.	1
1883	тунец	по вкусу	1
1884	тунец консервированный	г	1
1885	тунец филе	г	1
1886	тушенка	г	1
1887	тыква	г	1
1888	тыквенное масло	шт.	1
1889	тыквенное пюре	г	1
1890	тыквенные семечки	г	1
1891	тюлька свежая	г	1
1892	угорь	г	1
1893	угорь копченый	г	1
1894	угурт	г	1
1895	укроп	г	1
1896	укропное семя	ч. л.	1
1897	укроп свежий	г	1
1898	укроп сушеный	г	1
1899	уксус	г	1
1900	уксус 9%	г	1
1901	уксус из сидра	ст. л.	1
1902	уксусная эссенция	г	1
1903	уксус столовый	г	1
1904	улитки	г	1
1905	улитки виноградные	шт.	1
1906	урюк	г	1
1908	утиная грудка	г	1
1909	утиная печень	г	1
1910	утиное филе	г	1
1911	утиные бедрышки	г	1
1912	утиные ножки	по вкусу	1
1913	утка	по вкусу	1
1914	утка печеная	г	1
1915	утка тушка	тушка	1
1916	уцхо-сунели	г	1
1917	фазан	г	1
1918	фарш (баранина и говядина)	г	1
1919	фарш (свинина и курица)	г	1
1920	фасоль	г	1
1921	фасоль белая	г	1
1922	фасоль белая консервированная	г	1
1923	фасоль белая лима	г	1
1924	фасоль зеленая стручковая	г	1
1925	фасоль кенийская	горсть	1
1926	фасоль кидни красная	г	1
1927	фасоль консервированная	г	1
1928	фасоль красная	г	1
1929	фасоль красная вареная	стакан	1
1930	фасоль красная консервированная	г	1
1931	фасоль молодая замороженная	г	1
1932	фасоль пинто	г	1
1933	фасоль спаржевая вареная	г	1
1934	фасоль стручковая	г	1
1935	фасоль стручковая замороженная	г	1
1936	фасоль стручковая консервированная	г	1
1937	фасоль черный глаз	г	1
1938	фейхоа	г	1
1939	фенхель	г	1
1940	фенхель семена	г	1
1941	фенхель семена молотые	г	1
1942	фестонате	г	1
1943	фета	г	1
1944	фетаки	г	1
1945	фетакса	г	1
1946	феттучине	г	1
1947	фиалки засахаренные	шт.	1
1948	фиалковый сироп	г	1
1949	физалис	по вкусу	1
1950	филе красного окуня	шт.	1
1951	филе лосося	г	1
1952	филе палтуса	шт.	1
1953	финики	г	1
1954	финики без косточек	стакан	1
1955	финики иранские	г	1
1956	финики иранские без косточек	шт.	1
1957	фисташки	г	1
1958	фисташки очищенные	г	1
1959	фисташки очищенные несоленые	горсть	1
1960	фисташки рубленые	г	1
1961	фисташковая мука	г	1
1962	фисташковая паста	г	1
1963	фисташковое масло	г	1
1964	фокачча	по вкусу	1
1965	форель	г	1
1966	форель вареная	г	1
1967	форель горячего копчения	г	1
1968	форель озерная свежая	шт.	1
1969	форель слабосоленая	г	1
1970	форель слабосоленая	г	1
1971	форель стейки	шт.	1
1972	форель филе	г	1
1973	форель холодного копчения	г	1
1974	фрикадельки	г	1
1975	фрукт дракона	шт.	1
1976	фруктовый сироп	г	1
1977	фруктовый сок	г	1
1978	фруктовый сок без сахара	стакан	1
1979	фруктоза	г	1
1980	фрукты	г	1
1981	фрукты консервированные	г	1
1982	фундук	г	1
1983	фундучная мука	г	1
1984	фунчоза	г	1
1985	халва	г	1
1986	халва ванильная	г	1
1987	халва подсолнечная	г	1
1988	халуми	г	1
1989	хамон	г	1
1990	хек	г	1
1991	хек филе	г	1
1992	херес	стакан	1
1993	хересный уксус	ч. л.	1
1994	хлеб	г	1
1995	хлеб 7 злаков	батон	1
1996	хлеб белый	г	1
1997	хлеб белый сухой	г	1
1998	хлеб бородинский	кусок	1
1999	хлеб датский ржаной	г	1
2000	хлеб для сэндвичей	г	1
2001	хлебная крошка	г	1
2002	хлеб ржаной	г	1
2003	хлеб серый	г	1
2004	хлеб с кунжутом	кусок	1
2005	хлеб цельнозерновой	г	1
2006	хлебцы пшенично-ржаные цельнозерновые	г	1
2007	хлопья 4 злака	г	1
2008	хлопья 5 злаков	г	1
2009	хлопья 7 злаков	ст. л.	1
2010	хлопья быстрого приготовления	стакан	1
2011	хлорид кальция	г	1
2012	хмели-сунели	г	1
2013	хмель	ст. л.	1
2014	хрен	г	1
2015	хрен протертый	г	1
2016	хрен со сливками	г	1
2017	хурма	г	1
2018	хурма спелая	г	1
2019	цесарка тушка	г	1
2020	цикорий	ч. л.	1
2021	цитроновые цукаты	горсть	1
2022	цитрусовые цукаты	шт.	1
2023	цитрусовый свежевыжатый сок	мл	1
2024	цукаты	г	1
2025	цукини	г	1
2026	цукини цветы	шт.	1
2027	цыплята	г	1
2028	цыплята-корнишоны	шт.	1
2029	чабер	г	1
2030	чабрец	г	1
2031	чабрец сушеный	г	1
2032	чай дарджилинг	пакетик	1
2033	чай жасминовый	ст. л.	1
2034	чай зеленый	пакетик	1
2035	чай копченый лапсанг сушонг	г	1
2036	чай красный	г	1
2037	чай ройбуш	ст. л.	1
2038	чай черный	г	1
2039	чай черный крупнолистовой	ч. л.	1
2040	чай черный со специями	пакет	1
2041	чай эрл грей	стакан	1
2042	чатни манго	г	1
2043	чеддер	г	1
2044	черемуха	г	1
2045	черемуховая мука	г	1
2046	черемша	г	1
2047	черешневый джем	г	1
2048	черешня	г	1
2049	черешня консервированная без косточек	ст. л.	1
2050	черная смородина	г	1
2051	черника	г	1
2052	черника замороженная	г	1
2053	чернила каракатицы	г	1
2054	черничный джем	стакан	1
2055	чернослив	г	1
2056	чернослив без косточек	г	1
2057	чернослив вяленый	г	1
2058	чернослив копченый без косточек	г	1
2059	черносмородиновое варенье	г	1
2060	черносмородиновый джем	г	1
2061	чеснок	г	1
2062	чеснок молодой	г	1
2063	чеснок сушеный	г	1
2064	чесночная соль	щепотка	1
2065	чесночное масло	по вкусу	1
2066	чесночный порошок	г	1
2067	чечевица	г	1
2068	чечевица вареная	ст. л.	1
2069	чечевица зеленая	г	1
2070	чечевица красная	г	1
2071	чечил спагетти	г	1
2072	чиабатта	кусок	1
2073	чиа семена	г	1
2074	чипотле молотый	щепотка	1
2075	чипсы	г	1
2076	чоризо	г	1
2077	шалфей	г	1
2078	шалфей свежий	пучок	1
2079	шалфей сушеный	лист	1
2080	шампанское	г	1
2081	шампанское советское	стакан	1
2082	шампанское сухое	ст. л.	1
2083	шампиньоны	по вкусу	1
2084	шампиньоны замороженные	г	1
2085	шампиньоны консервированные	г	1
2086	шампиньоны маринованные	г	1
2087	шампиньоны свежие	г	1
2088	шафран	г	1
2089	шафран имеретинский	г	1
2090	шафран молотый	ч. л.	1
2091	шафран нити	шт.	1
2092	шелковица	г	1
2093	шелковица сушеная	г	1
2094	шиповник	г	1
2095	шиповниковый сироп	г	1
2096	шнапс	г	1
2097	шнитт-лук	стебель	1
2098	шоколад	г	1
2099	шоколад белый	г	1
2100	шоколад горький с апельсиновой цедрой	г	1
2101	шоколад молочный	г	1
2102	шоколад мятный	г	1
2103	шоколадная паста	г	1
2104	шоколадная стружка	г	1
2105	шоколадное масло	г	1
2106	шоколадно-ореховая паста	г	1
2107	шоколадные горошины	г	1
2108	шоколадные капли	г	1
2109	шоколадные капли белые	г	1
2110	шоколадные конфеты	г	1
2111	шоколадные хлопья	г	1
2112	шоколадные шарики из готовых завтраков	горсть	1
2113	шоколадный ликер	г	1
2114	шоколадный сироп	г	1
2115	шоколадный соус	г	1
2116	шоколад полусладкий	г	1
2117	шоколад с орехами	г	1
2118	шоколад черный горький	г	1
2119	шоколад черный горький 70%	г	1
2120	шоколад черный горький 75%	ч. л.	1
2121	шоколад черный горький 85%	г	1
2122	шортенинг	стакан	1
2123	шпик	шт.	1
2124	шпик копченый	г	1
2125	шпинат	г	1
2126	шпинат замороженный	г	1
2127	шпинат молодой	г	1
2128	шпинат свежий	г	1
2129	шпроты	г	1
2130	шпроты в масле	г	1
2131	шрот	г	1
2132	щавель замороженный	г	1
2133	щавель свежий	веточка	1
2134	щука	г	1
2135	щука филе	г	1
2136	эгг-ног	стакан	1
2137	эдам	г	1
2138	эль	мл	1
2139	эмменталь	г	1
2140	эскалоп	г	1
2141	эстрагон	г	1
2142	эстрагон сушеный	веточка	1
2143	яблоки	г	1
2144	яблоки антоновка	кг	1
2145	яблоки гала	г	1
2146	яблоки голден	г	1
2147	яблоки гренни смит	кг	1
2148	яблоки зеленые	г	1
2149	яблоки красные	шт.	1
2150	яблоки моченые	шт.	1
2151	яблоки нетвердых сортов	г	1
2152	яблоки сладкие	г	1
2153	яблоки сушеные	г	1
2154	яблочная эссенция	ч. л.	1
2155	яблочное варенье	г	1
2156	яблочное повидло	г	1
2157	яблочное пюре	г	1
2158	яблочные чипсы	стакан	1
2159	яблочный джем	г	1
2160	яблочный сироп	ст. л.	1
2161	яблочный сок	г	1
2162	яблочный соус	ст. л.	1
2163	яблочный уксус	г	1
2164	ягнятина	г	1
2165	ягнятина кострец	г	1
2166	ягнятина фарш	г	1
2167	ягнячьи отбивные на косточке	шт.	1
2168	ягнячья голень нарубленная	г	1
2169	ягнячья корейка	г	1
2170	ягодное варенье	ст. л.	1
2171	ягодное желе	г	1
2172	ягодный сироп	г	1
2173	ягодный сок	г	1
2174	ягодный соус кислый	г	1
2175	ягоды	г	1
2176	ягоды вяленые	по вкусу	1
2177	ягоды замороженные	г	1
2178	ягоды лесные	г	1
2179	ягоды лесные замороженные	г	1
2180	яичные белки	г	1
2181	яичные желтки	г	1
2182	яичные желтки вареные	шт.	1
2183	яичные желтки крупные	г	1
2184	яичный меланж	г	1
2185	яичный порошок	ст. л.	1
2186	яйца куриные	г	50
2187	яйца куриные крупные	г	1
2188	яйца перепелиные	г	1
2189	японская крошка панко	г	1
2190	ячменные хлопья	г	1
2191	ячмень	г	1
2192	ячневая крупа	г	1
\.


--
-- Data for Name: api_recipe; Type: TABLE DATA; Schema: public; Owner: foodgram_user
--

COPY public.api_recipe (id, name, image, text, cooking_time, pub_date, author_id) FROM stdin;
74	Блинчики с фруктами	recipes/images/1a0377dd-f93a-42f7-a817-4cc640963218.jpg	Все смешать	30	2021-09-21 12:27:26.227+00	40
75	Оладьи	recipes/images/650aa7bb-495a-4700-ac27-1c2df847dbff.jpg	Все смешать	30	2021-09-21 13:33:44.85+00	41
\.


--
-- Data for Name: api_recipe_ingredients; Type: TABLE DATA; Schema: public; Owner: foodgram_user
--

COPY public.api_recipe_ingredients (id, recipe_id, ingredient_id) FROM stdin;
1	74	2186
2	74	132
3	74	1557
4	74	71
5	75	148
6	75	1562
7	75	132
8	75	23
\.


--
-- Data for Name: api_recipe_tags; Type: TABLE DATA; Schema: public; Owner: foodgram_user
--

COPY public.api_recipe_tags (id, recipe_id, tag_id) FROM stdin;
1	74	1
2	74	2
3	74	3
4	75	1
5	75	2
\.


--
-- Data for Name: api_shopcartrecipes; Type: TABLE DATA; Schema: public; Owner: foodgram_user
--

COPY public.api_shopcartrecipes (id, recipe_id, user_id) FROM stdin;
\.


--
-- Data for Name: api_tag; Type: TABLE DATA; Schema: public; Owner: foodgram_user
--

COPY public.api_tag (id, name, color, slug) FROM stdin;
1	Завтрак	#FF0000	zavtrak
2	Обед	#3EFF45	obed
3	Ужин	#FF33B1	uzhin
\.


--
-- Data for Name: auth_group; Type: TABLE DATA; Schema: public; Owner: foodgram_user
--

COPY public.auth_group (id, name) FROM stdin;
\.


--
-- Data for Name: auth_group_permissions; Type: TABLE DATA; Schema: public; Owner: foodgram_user
--

COPY public.auth_group_permissions (id, group_id, permission_id) FROM stdin;
\.


--
-- Data for Name: auth_permission; Type: TABLE DATA; Schema: public; Owner: foodgram_user
--

COPY public.auth_permission (id, name, content_type_id, codename) FROM stdin;
53	Can add log entry	15	add_logentry
54	Can change log entry	15	change_logentry
55	Can delete log entry	15	delete_logentry
56	Can view log entry	15	view_logentry
57	Can add permission	16	add_permission
58	Can change permission	16	change_permission
59	Can delete permission	16	delete_permission
60	Can view permission	16	view_permission
61	Can add group	17	add_group
62	Can change group	17	change_group
63	Can delete group	17	delete_group
64	Can view group	17	view_group
65	Can add content type	18	add_contenttype
66	Can change content type	18	change_contenttype
67	Can delete content type	18	delete_contenttype
68	Can view content type	18	view_contenttype
69	Can add session	19	add_session
70	Can change session	19	change_session
71	Can delete session	19	delete_session
72	Can view session	19	view_session
73	Can add favorite recipes	20	add_favoriterecipes
74	Can change favorite recipes	20	change_favoriterecipes
75	Can delete favorite recipes	20	delete_favoriterecipes
76	Can view favorite recipes	20	view_favoriterecipes
77	Can add follow	21	add_follow
78	Can change follow	21	change_follow
79	Can delete follow	21	delete_follow
80	Can view follow	21	view_follow
81	Can add ingredient	22	add_ingredient
82	Can change ingredient	22	change_ingredient
83	Can delete ingredient	22	delete_ingredient
84	Can view ingredient	22	view_ingredient
85	Can add recipe	14	add_recipe
86	Can change recipe	14	change_recipe
87	Can delete recipe	14	delete_recipe
88	Can view recipe	14	view_recipe
89	Can add tag	23	add_tag
90	Can change tag	23	change_tag
91	Can delete tag	23	delete_tag
92	Can view tag	23	view_tag
93	Can add shop cart recipes	24	add_shopcartrecipes
94	Can change shop cart recipes	24	change_shopcartrecipes
95	Can delete shop cart recipes	24	delete_shopcartrecipes
96	Can view shop cart recipes	24	view_shopcartrecipes
97	Can add User	25	add_user
98	Can change User	25	change_user
99	Can delete User	25	delete_user
100	Can view User	25	view_user
101	Can add Token	26	add_token
102	Can change Token	26	change_token
103	Can delete Token	26	delete_token
104	Can view Token	26	view_token
\.


--
-- Data for Name: authtoken_token; Type: TABLE DATA; Schema: public; Owner: foodgram_user
--

COPY public.authtoken_token (key, created, user_id) FROM stdin;
ac64fa3fcdddd4cadfccf36164a465c2a2ad0f6d	2021-09-21 12:25:48.993+00	40
b16514e8268834389c3e7ca6d762ebd151f8a2ec	2021-09-21 13:32:49.311+00	41
\.


--
-- Data for Name: django_admin_log; Type: TABLE DATA; Schema: public; Owner: foodgram_user
--

COPY public.django_admin_log (id, action_time, object_id, object_repr, action_flag, change_message, content_type_id, user_id) FROM stdin;
119	2021-09-21 12:24:04.894+00	40	admin	2	[{"changed": {"fields": ["First name", "Last name"]}}]	25	40
120	2021-09-21 12:24:20.194+00	40	admin	2	[{"changed": {"fields": ["First name", "Last name"]}}]	25	40
\.


--
-- Data for Name: django_content_type; Type: TABLE DATA; Schema: public; Owner: foodgram_user
--

COPY public.django_content_type (id, app_label, model) FROM stdin;
14	api	recipe
15	admin	logentry
16	auth	permission
17	auth	group
18	contenttypes	contenttype
19	sessions	session
20	api	favoriterecipes
21	api	follow
22	api	ingredient
23	api	tag
24	api	shopcartrecipes
25	users	user
26	authtoken	token
\.


--
-- Data for Name: django_migrations; Type: TABLE DATA; Schema: public; Owner: foodgram_user
--

COPY public.django_migrations (id, app, name, applied) FROM stdin;
1	contenttypes	0001_initial	2022-08-15 09:34:09.964062+00
2	contenttypes	0002_remove_content_type_name	2022-08-15 09:34:09.975964+00
3	auth	0001_initial	2022-08-15 09:34:10.003837+00
4	auth	0002_alter_permission_name_max_length	2022-08-15 09:34:10.057877+00
5	auth	0003_alter_user_email_max_length	2022-08-15 09:34:10.064972+00
6	auth	0004_alter_user_username_opts	2022-08-15 09:34:10.070566+00
7	auth	0005_alter_user_last_login_null	2022-08-15 09:34:10.076009+00
8	auth	0006_require_contenttypes_0002	2022-08-15 09:34:10.07854+00
9	auth	0007_alter_validators_add_error_messages	2022-08-15 09:34:10.084204+00
10	auth	0008_alter_user_username_max_length	2022-08-15 09:34:10.090092+00
11	auth	0009_alter_user_last_name_max_length	2022-08-15 09:34:10.095835+00
12	auth	0010_alter_group_name_max_length	2022-08-15 09:34:10.103212+00
13	auth	0011_update_proxy_permissions	2022-08-15 09:34:10.108942+00
14	users	0001_initial	2022-08-15 09:34:10.133305+00
15	admin	0001_initial	2022-08-15 09:34:10.175413+00
16	admin	0002_logentry_remove_auto_add	2022-08-15 09:34:10.189174+00
17	admin	0003_logentry_add_action_flag_choices	2022-08-15 09:34:10.196053+00
18	api	0001_initial	2022-08-15 09:34:10.235632+00
19	api	0002_auto_20210912_0712	2022-08-15 09:34:10.354244+00
20	api	0003_auto_20210913_1354	2022-08-15 09:34:10.460212+00
21	api	0004_auto_20210913_1617	2022-08-15 09:34:10.491583+00
22	api	0005_auto_20210914_1702	2022-08-15 09:34:10.510074+00
23	api	0006_auto_20210916_0700	2022-08-15 09:34:10.53238+00
24	api	0007_auto_20210916_1639	2022-08-15 09:34:10.564543+00
25	api	0008_auto_20210922_0819	2022-08-15 09:34:10.746452+00
26	api	0009_auto_20220815_0933	2022-08-15 09:34:10.755618+00
27	authtoken	0001_initial	2022-08-15 09:34:10.772882+00
28	authtoken	0002_auto_20160226_1747	2022-08-15 09:34:10.810401+00
29	sessions	0001_initial	2022-08-15 09:34:10.820186+00
30	users	0002_user_is_subscribed	2022-08-15 09:34:10.836592+00
31	users	0003_remove_user_is_subscribed	2022-08-15 09:34:10.848346+00
\.


--
-- Data for Name: django_session; Type: TABLE DATA; Schema: public; Owner: foodgram_user
--

COPY public.django_session (session_key, session_data, expire_date) FROM stdin;
7trg8mep5f7xt1rwcsu4p5bggetqx5lm	OGQ4N2YwYzgwN2E4N2VhNzU2MmQ5Y2Y2NGY0ODI5NTEzNWI2MDkxMjp7Il9hdXRoX3VzZXJfaWQiOiI0MCIsIl9hdXRoX3VzZXJfYmFja2VuZCI6ImRqYW5nby5jb250cmliLmF1dGguYmFja2VuZHMuTW9kZWxCYWNrZW5kIiwiX2F1dGhfdXNlcl9oYXNoIjoiODM0MGY1ZWI2NDRlYjIxMzgzMmRjNDVkMTMxOGZkZmRjYzY4ZDJmNSJ9	2021-10-05 12:23:11.187+00
quflx9bzdb4pjr9miexvgwe26tpftoon	MmViYzc4ZWU4NWZkYjFkYjQ4MTdhZTc5MmVjN2VjNTllMDZjODk4Mzp7Il9hdXRoX3VzZXJfaWQiOiIzMiIsIl9hdXRoX3VzZXJfYmFja2VuZCI6ImRqYW5nby5jb250cmliLmF1dGguYmFja2VuZHMuTW9kZWxCYWNrZW5kIiwiX2F1dGhfdXNlcl9oYXNoIjoiYzMzYmM3NmNjMzU4NjAyNDA2NjlmYThiYzE3NjRhYjA0MWY0MDk0YyJ9	2021-09-30 15:10:34.386+00
\.


--
-- Data for Name: users_user; Type: TABLE DATA; Schema: public; Owner: foodgram_user
--

COPY public.users_user (id, last_login, is_superuser, is_staff, is_active, date_joined, email, first_name, last_name, username, password) FROM stdin;
40	2021-09-21 12:23:11+00	t	t	t	2021-09-21 12:23:00+00	admin@gmail.com	Виктория	Коломиец	admin	pbkdf2_sha256$180000$2bXjEpR2meqj$ZqTkDhCrChllniOO1uKO1iSN2pFME0qaDKYqug043/c=
41	\N	f	f	t	2021-09-21 13:32:38.114+00	daria@yandex.ru	Дарья	Иванова	daria	pbkdf2_sha256$180000$U8bIAwst5sOH$i2K/Mqi4xs/HrlfoEysyeD1dvRarigYmM60axvz8A2I=
\.


--
-- Data for Name: users_user_groups; Type: TABLE DATA; Schema: public; Owner: foodgram_user
--

COPY public.users_user_groups (id, user_id, group_id) FROM stdin;
\.


--
-- Data for Name: users_user_user_permissions; Type: TABLE DATA; Schema: public; Owner: foodgram_user
--

COPY public.users_user_user_permissions (id, user_id, permission_id) FROM stdin;
\.


--
-- Name: api_favoriterecipes_id_seq; Type: SEQUENCE SET; Schema: public; Owner: foodgram_user
--

SELECT pg_catalog.setval('public.api_favoriterecipes_id_seq', 1, false);


--
-- Name: api_follow_id_seq; Type: SEQUENCE SET; Schema: public; Owner: foodgram_user
--

SELECT pg_catalog.setval('public.api_follow_id_seq', 1, false);


--
-- Name: api_ingredient_id_seq; Type: SEQUENCE SET; Schema: public; Owner: foodgram_user
--

SELECT pg_catalog.setval('public.api_ingredient_id_seq', 2192, true);


--
-- Name: api_recipe_id_seq; Type: SEQUENCE SET; Schema: public; Owner: foodgram_user
--

SELECT pg_catalog.setval('public.api_recipe_id_seq', 75, true);


--
-- Name: api_recipe_ingredients_id_seq; Type: SEQUENCE SET; Schema: public; Owner: foodgram_user
--

SELECT pg_catalog.setval('public.api_recipe_ingredients_id_seq', 8, true);


--
-- Name: api_recipe_tags_id_seq; Type: SEQUENCE SET; Schema: public; Owner: foodgram_user
--

SELECT pg_catalog.setval('public.api_recipe_tags_id_seq', 5, true);


--
-- Name: api_shopcartrecipes_id_seq; Type: SEQUENCE SET; Schema: public; Owner: foodgram_user
--

SELECT pg_catalog.setval('public.api_shopcartrecipes_id_seq', 1, false);


--
-- Name: api_tag_id_seq; Type: SEQUENCE SET; Schema: public; Owner: foodgram_user
--

SELECT pg_catalog.setval('public.api_tag_id_seq', 3, true);


--
-- Name: auth_group_id_seq; Type: SEQUENCE SET; Schema: public; Owner: foodgram_user
--

SELECT pg_catalog.setval('public.auth_group_id_seq', 1, false);


--
-- Name: auth_group_permissions_id_seq; Type: SEQUENCE SET; Schema: public; Owner: foodgram_user
--

SELECT pg_catalog.setval('public.auth_group_permissions_id_seq', 1, false);


--
-- Name: auth_permission_id_seq; Type: SEQUENCE SET; Schema: public; Owner: foodgram_user
--

SELECT pg_catalog.setval('public.auth_permission_id_seq', 104, true);


--
-- Name: django_admin_log_id_seq; Type: SEQUENCE SET; Schema: public; Owner: foodgram_user
--

SELECT pg_catalog.setval('public.django_admin_log_id_seq', 120, true);


--
-- Name: django_content_type_id_seq; Type: SEQUENCE SET; Schema: public; Owner: foodgram_user
--

SELECT pg_catalog.setval('public.django_content_type_id_seq', 26, true);


--
-- Name: django_migrations_id_seq; Type: SEQUENCE SET; Schema: public; Owner: foodgram_user
--

SELECT pg_catalog.setval('public.django_migrations_id_seq', 31, true);


--
-- Name: users_user_groups_id_seq; Type: SEQUENCE SET; Schema: public; Owner: foodgram_user
--

SELECT pg_catalog.setval('public.users_user_groups_id_seq', 1, false);


--
-- Name: users_user_id_seq; Type: SEQUENCE SET; Schema: public; Owner: foodgram_user
--

SELECT pg_catalog.setval('public.users_user_id_seq', 41, true);


--
-- Name: users_user_user_permissions_id_seq; Type: SEQUENCE SET; Schema: public; Owner: foodgram_user
--

SELECT pg_catalog.setval('public.users_user_user_permissions_id_seq', 1, false);


--
-- Name: api_favoriterecipes api_favoriterecipes_pkey; Type: CONSTRAINT; Schema: public; Owner: foodgram_user
--

ALTER TABLE ONLY public.api_favoriterecipes
    ADD CONSTRAINT api_favoriterecipes_pkey PRIMARY KEY (id);


--
-- Name: api_follow api_follow_pkey; Type: CONSTRAINT; Schema: public; Owner: foodgram_user
--

ALTER TABLE ONLY public.api_follow
    ADD CONSTRAINT api_follow_pkey PRIMARY KEY (id);


--
-- Name: api_ingredient api_ingredient_pkey; Type: CONSTRAINT; Schema: public; Owner: foodgram_user
--

ALTER TABLE ONLY public.api_ingredient
    ADD CONSTRAINT api_ingredient_pkey PRIMARY KEY (id);


--
-- Name: api_recipe_ingredients api_recipe_ingredients_pkey; Type: CONSTRAINT; Schema: public; Owner: foodgram_user
--

ALTER TABLE ONLY public.api_recipe_ingredients
    ADD CONSTRAINT api_recipe_ingredients_pkey PRIMARY KEY (id);


--
-- Name: api_recipe_ingredients api_recipe_ingredients_recipe_id_ingredient_id_4b89d164_uniq; Type: CONSTRAINT; Schema: public; Owner: foodgram_user
--

ALTER TABLE ONLY public.api_recipe_ingredients
    ADD CONSTRAINT api_recipe_ingredients_recipe_id_ingredient_id_4b89d164_uniq UNIQUE (recipe_id, ingredient_id);


--
-- Name: api_recipe api_recipe_name_bf8e9fa4_uniq; Type: CONSTRAINT; Schema: public; Owner: foodgram_user
--

ALTER TABLE ONLY public.api_recipe
    ADD CONSTRAINT api_recipe_name_bf8e9fa4_uniq UNIQUE (name);


--
-- Name: api_recipe api_recipe_pkey; Type: CONSTRAINT; Schema: public; Owner: foodgram_user
--

ALTER TABLE ONLY public.api_recipe
    ADD CONSTRAINT api_recipe_pkey PRIMARY KEY (id);


--
-- Name: api_recipe_tags api_recipe_tags_pkey; Type: CONSTRAINT; Schema: public; Owner: foodgram_user
--

ALTER TABLE ONLY public.api_recipe_tags
    ADD CONSTRAINT api_recipe_tags_pkey PRIMARY KEY (id);


--
-- Name: api_recipe_tags api_recipe_tags_recipe_id_tag_id_4e3605b4_uniq; Type: CONSTRAINT; Schema: public; Owner: foodgram_user
--

ALTER TABLE ONLY public.api_recipe_tags
    ADD CONSTRAINT api_recipe_tags_recipe_id_tag_id_4e3605b4_uniq UNIQUE (recipe_id, tag_id);


--
-- Name: api_shopcartrecipes api_shopcartrecipes_pkey; Type: CONSTRAINT; Schema: public; Owner: foodgram_user
--

ALTER TABLE ONLY public.api_shopcartrecipes
    ADD CONSTRAINT api_shopcartrecipes_pkey PRIMARY KEY (id);


--
-- Name: api_tag api_tag_color_key; Type: CONSTRAINT; Schema: public; Owner: foodgram_user
--

ALTER TABLE ONLY public.api_tag
    ADD CONSTRAINT api_tag_color_key UNIQUE (color);


--
-- Name: api_tag api_tag_name_key; Type: CONSTRAINT; Schema: public; Owner: foodgram_user
--

ALTER TABLE ONLY public.api_tag
    ADD CONSTRAINT api_tag_name_key UNIQUE (name);


--
-- Name: api_tag api_tag_pkey; Type: CONSTRAINT; Schema: public; Owner: foodgram_user
--

ALTER TABLE ONLY public.api_tag
    ADD CONSTRAINT api_tag_pkey PRIMARY KEY (id);


--
-- Name: api_tag api_tag_slug_key; Type: CONSTRAINT; Schema: public; Owner: foodgram_user
--

ALTER TABLE ONLY public.api_tag
    ADD CONSTRAINT api_tag_slug_key UNIQUE (slug);


--
-- Name: auth_group auth_group_name_key; Type: CONSTRAINT; Schema: public; Owner: foodgram_user
--

ALTER TABLE ONLY public.auth_group
    ADD CONSTRAINT auth_group_name_key UNIQUE (name);


--
-- Name: auth_group_permissions auth_group_permissions_group_id_permission_id_0cd325b0_uniq; Type: CONSTRAINT; Schema: public; Owner: foodgram_user
--

ALTER TABLE ONLY public.auth_group_permissions
    ADD CONSTRAINT auth_group_permissions_group_id_permission_id_0cd325b0_uniq UNIQUE (group_id, permission_id);


--
-- Name: auth_group_permissions auth_group_permissions_pkey; Type: CONSTRAINT; Schema: public; Owner: foodgram_user
--

ALTER TABLE ONLY public.auth_group_permissions
    ADD CONSTRAINT auth_group_permissions_pkey PRIMARY KEY (id);


--
-- Name: auth_group auth_group_pkey; Type: CONSTRAINT; Schema: public; Owner: foodgram_user
--

ALTER TABLE ONLY public.auth_group
    ADD CONSTRAINT auth_group_pkey PRIMARY KEY (id);


--
-- Name: auth_permission auth_permission_content_type_id_codename_01ab375a_uniq; Type: CONSTRAINT; Schema: public; Owner: foodgram_user
--

ALTER TABLE ONLY public.auth_permission
    ADD CONSTRAINT auth_permission_content_type_id_codename_01ab375a_uniq UNIQUE (content_type_id, codename);


--
-- Name: auth_permission auth_permission_pkey; Type: CONSTRAINT; Schema: public; Owner: foodgram_user
--

ALTER TABLE ONLY public.auth_permission
    ADD CONSTRAINT auth_permission_pkey PRIMARY KEY (id);


--
-- Name: authtoken_token authtoken_token_pkey; Type: CONSTRAINT; Schema: public; Owner: foodgram_user
--

ALTER TABLE ONLY public.authtoken_token
    ADD CONSTRAINT authtoken_token_pkey PRIMARY KEY (key);


--
-- Name: authtoken_token authtoken_token_user_id_key; Type: CONSTRAINT; Schema: public; Owner: foodgram_user
--

ALTER TABLE ONLY public.authtoken_token
    ADD CONSTRAINT authtoken_token_user_id_key UNIQUE (user_id);


--
-- Name: api_shopcartrecipes cart_recipe-user; Type: CONSTRAINT; Schema: public; Owner: foodgram_user
--

ALTER TABLE ONLY public.api_shopcartrecipes
    ADD CONSTRAINT "cart_recipe-user" UNIQUE (recipe_id, user_id);


--
-- Name: django_admin_log django_admin_log_pkey; Type: CONSTRAINT; Schema: public; Owner: foodgram_user
--

ALTER TABLE ONLY public.django_admin_log
    ADD CONSTRAINT django_admin_log_pkey PRIMARY KEY (id);


--
-- Name: django_content_type django_content_type_app_label_model_76bd3d3b_uniq; Type: CONSTRAINT; Schema: public; Owner: foodgram_user
--

ALTER TABLE ONLY public.django_content_type
    ADD CONSTRAINT django_content_type_app_label_model_76bd3d3b_uniq UNIQUE (app_label, model);


--
-- Name: django_content_type django_content_type_pkey; Type: CONSTRAINT; Schema: public; Owner: foodgram_user
--

ALTER TABLE ONLY public.django_content_type
    ADD CONSTRAINT django_content_type_pkey PRIMARY KEY (id);


--
-- Name: django_migrations django_migrations_pkey; Type: CONSTRAINT; Schema: public; Owner: foodgram_user
--

ALTER TABLE ONLY public.django_migrations
    ADD CONSTRAINT django_migrations_pkey PRIMARY KEY (id);


--
-- Name: django_session django_session_pkey; Type: CONSTRAINT; Schema: public; Owner: foodgram_user
--

ALTER TABLE ONLY public.django_session
    ADD CONSTRAINT django_session_pkey PRIMARY KEY (session_key);


--
-- Name: api_favoriterecipes fav_recipe-user; Type: CONSTRAINT; Schema: public; Owner: foodgram_user
--

ALTER TABLE ONLY public.api_favoriterecipes
    ADD CONSTRAINT "fav_recipe-user" UNIQUE (recipe_id, user_id);


--
-- Name: api_follow user-author; Type: CONSTRAINT; Schema: public; Owner: foodgram_user
--

ALTER TABLE ONLY public.api_follow
    ADD CONSTRAINT "user-author" UNIQUE (user_id, author_id);


--
-- Name: users_user users_user_email_key; Type: CONSTRAINT; Schema: public; Owner: foodgram_user
--

ALTER TABLE ONLY public.users_user
    ADD CONSTRAINT users_user_email_key UNIQUE (email);


--
-- Name: users_user_groups users_user_groups_pkey; Type: CONSTRAINT; Schema: public; Owner: foodgram_user
--

ALTER TABLE ONLY public.users_user_groups
    ADD CONSTRAINT users_user_groups_pkey PRIMARY KEY (id);


--
-- Name: users_user_groups users_user_groups_user_id_group_id_b88eab82_uniq; Type: CONSTRAINT; Schema: public; Owner: foodgram_user
--

ALTER TABLE ONLY public.users_user_groups
    ADD CONSTRAINT users_user_groups_user_id_group_id_b88eab82_uniq UNIQUE (user_id, group_id);


--
-- Name: users_user users_user_pkey; Type: CONSTRAINT; Schema: public; Owner: foodgram_user
--

ALTER TABLE ONLY public.users_user
    ADD CONSTRAINT users_user_pkey PRIMARY KEY (id);


--
-- Name: users_user_user_permissions users_user_user_permissions_pkey; Type: CONSTRAINT; Schema: public; Owner: foodgram_user
--

ALTER TABLE ONLY public.users_user_user_permissions
    ADD CONSTRAINT users_user_user_permissions_pkey PRIMARY KEY (id);


--
-- Name: users_user_user_permissions users_user_user_permissions_user_id_permission_id_43338c45_uniq; Type: CONSTRAINT; Schema: public; Owner: foodgram_user
--

ALTER TABLE ONLY public.users_user_user_permissions
    ADD CONSTRAINT users_user_user_permissions_user_id_permission_id_43338c45_uniq UNIQUE (user_id, permission_id);


--
-- Name: users_user users_user_username_key; Type: CONSTRAINT; Schema: public; Owner: foodgram_user
--

ALTER TABLE ONLY public.users_user
    ADD CONSTRAINT users_user_username_key UNIQUE (username);


--
-- Name: api_favoriterecipes_recipe_id_caf473b3; Type: INDEX; Schema: public; Owner: foodgram_user
--

CREATE INDEX api_favoriterecipes_recipe_id_caf473b3 ON public.api_favoriterecipes USING btree (recipe_id);


--
-- Name: api_favoriterecipes_user_id_cfdd4368; Type: INDEX; Schema: public; Owner: foodgram_user
--

CREATE INDEX api_favoriterecipes_user_id_cfdd4368 ON public.api_favoriterecipes USING btree (user_id);


--
-- Name: api_follow_author_id_edf7eb6e; Type: INDEX; Schema: public; Owner: foodgram_user
--

CREATE INDEX api_follow_author_id_edf7eb6e ON public.api_follow USING btree (author_id);


--
-- Name: api_follow_user_id_c804fe25; Type: INDEX; Schema: public; Owner: foodgram_user
--

CREATE INDEX api_follow_user_id_c804fe25 ON public.api_follow USING btree (user_id);


--
-- Name: api_recipe_author_id_423d4c07; Type: INDEX; Schema: public; Owner: foodgram_user
--

CREATE INDEX api_recipe_author_id_423d4c07 ON public.api_recipe USING btree (author_id);


--
-- Name: api_recipe_ingredients_ingredient_id_de8d1fbe; Type: INDEX; Schema: public; Owner: foodgram_user
--

CREATE INDEX api_recipe_ingredients_ingredient_id_de8d1fbe ON public.api_recipe_ingredients USING btree (ingredient_id);


--
-- Name: api_recipe_ingredients_recipe_id_17adc978; Type: INDEX; Schema: public; Owner: foodgram_user
--

CREATE INDEX api_recipe_ingredients_recipe_id_17adc978 ON public.api_recipe_ingredients USING btree (recipe_id);


--
-- Name: api_recipe_name_bf8e9fa4_like; Type: INDEX; Schema: public; Owner: foodgram_user
--

CREATE INDEX api_recipe_name_bf8e9fa4_like ON public.api_recipe USING btree (name varchar_pattern_ops);


--
-- Name: api_recipe_tags_recipe_id_39cc25a8; Type: INDEX; Schema: public; Owner: foodgram_user
--

CREATE INDEX api_recipe_tags_recipe_id_39cc25a8 ON public.api_recipe_tags USING btree (recipe_id);


--
-- Name: api_recipe_tags_tag_id_85673ca0; Type: INDEX; Schema: public; Owner: foodgram_user
--

CREATE INDEX api_recipe_tags_tag_id_85673ca0 ON public.api_recipe_tags USING btree (tag_id);


--
-- Name: api_shopcartrecipes_recipe_id_62e5c0ec; Type: INDEX; Schema: public; Owner: foodgram_user
--

CREATE INDEX api_shopcartrecipes_recipe_id_62e5c0ec ON public.api_shopcartrecipes USING btree (recipe_id);


--
-- Name: api_shopcartrecipes_user_id_27b1ddf9; Type: INDEX; Schema: public; Owner: foodgram_user
--

CREATE INDEX api_shopcartrecipes_user_id_27b1ddf9 ON public.api_shopcartrecipes USING btree (user_id);


--
-- Name: api_tag_color_2a7628a5_like; Type: INDEX; Schema: public; Owner: foodgram_user
--

CREATE INDEX api_tag_color_2a7628a5_like ON public.api_tag USING btree (color varchar_pattern_ops);


--
-- Name: api_tag_name_e0f7a95d_like; Type: INDEX; Schema: public; Owner: foodgram_user
--

CREATE INDEX api_tag_name_e0f7a95d_like ON public.api_tag USING btree (name varchar_pattern_ops);


--
-- Name: api_tag_slug_dc7250ca_like; Type: INDEX; Schema: public; Owner: foodgram_user
--

CREATE INDEX api_tag_slug_dc7250ca_like ON public.api_tag USING btree (slug varchar_pattern_ops);


--
-- Name: auth_group_name_a6ea08ec_like; Type: INDEX; Schema: public; Owner: foodgram_user
--

CREATE INDEX auth_group_name_a6ea08ec_like ON public.auth_group USING btree (name varchar_pattern_ops);


--
-- Name: auth_group_permissions_group_id_b120cbf9; Type: INDEX; Schema: public; Owner: foodgram_user
--

CREATE INDEX auth_group_permissions_group_id_b120cbf9 ON public.auth_group_permissions USING btree (group_id);


--
-- Name: auth_group_permissions_permission_id_84c5c92e; Type: INDEX; Schema: public; Owner: foodgram_user
--

CREATE INDEX auth_group_permissions_permission_id_84c5c92e ON public.auth_group_permissions USING btree (permission_id);


--
-- Name: auth_permission_content_type_id_2f476e4b; Type: INDEX; Schema: public; Owner: foodgram_user
--

CREATE INDEX auth_permission_content_type_id_2f476e4b ON public.auth_permission USING btree (content_type_id);


--
-- Name: authtoken_token_key_10f0b77e_like; Type: INDEX; Schema: public; Owner: foodgram_user
--

CREATE INDEX authtoken_token_key_10f0b77e_like ON public.authtoken_token USING btree (key varchar_pattern_ops);


--
-- Name: django_admin_log_content_type_id_c4bce8eb; Type: INDEX; Schema: public; Owner: foodgram_user
--

CREATE INDEX django_admin_log_content_type_id_c4bce8eb ON public.django_admin_log USING btree (content_type_id);


--
-- Name: django_admin_log_user_id_c564eba6; Type: INDEX; Schema: public; Owner: foodgram_user
--

CREATE INDEX django_admin_log_user_id_c564eba6 ON public.django_admin_log USING btree (user_id);


--
-- Name: django_session_expire_date_a5c62663; Type: INDEX; Schema: public; Owner: foodgram_user
--

CREATE INDEX django_session_expire_date_a5c62663 ON public.django_session USING btree (expire_date);


--
-- Name: django_session_session_key_c0390e0f_like; Type: INDEX; Schema: public; Owner: foodgram_user
--

CREATE INDEX django_session_session_key_c0390e0f_like ON public.django_session USING btree (session_key varchar_pattern_ops);


--
-- Name: users_user_email_243f6e77_like; Type: INDEX; Schema: public; Owner: foodgram_user
--

CREATE INDEX users_user_email_243f6e77_like ON public.users_user USING btree (email varchar_pattern_ops);


--
-- Name: users_user_groups_group_id_9afc8d0e; Type: INDEX; Schema: public; Owner: foodgram_user
--

CREATE INDEX users_user_groups_group_id_9afc8d0e ON public.users_user_groups USING btree (group_id);


--
-- Name: users_user_groups_user_id_5f6f5a90; Type: INDEX; Schema: public; Owner: foodgram_user
--

CREATE INDEX users_user_groups_user_id_5f6f5a90 ON public.users_user_groups USING btree (user_id);


--
-- Name: users_user_user_permissions_permission_id_0b93982e; Type: INDEX; Schema: public; Owner: foodgram_user
--

CREATE INDEX users_user_user_permissions_permission_id_0b93982e ON public.users_user_user_permissions USING btree (permission_id);


--
-- Name: users_user_user_permissions_user_id_20aca447; Type: INDEX; Schema: public; Owner: foodgram_user
--

CREATE INDEX users_user_user_permissions_user_id_20aca447 ON public.users_user_user_permissions USING btree (user_id);


--
-- Name: users_user_username_06e46fe6_like; Type: INDEX; Schema: public; Owner: foodgram_user
--

CREATE INDEX users_user_username_06e46fe6_like ON public.users_user USING btree (username varchar_pattern_ops);


--
-- Name: api_favoriterecipes api_favoriterecipes_recipe_id_caf473b3_fk_api_recipe_id; Type: FK CONSTRAINT; Schema: public; Owner: foodgram_user
--

ALTER TABLE ONLY public.api_favoriterecipes
    ADD CONSTRAINT api_favoriterecipes_recipe_id_caf473b3_fk_api_recipe_id FOREIGN KEY (recipe_id) REFERENCES public.api_recipe(id) DEFERRABLE INITIALLY DEFERRED;


--
-- Name: api_favoriterecipes api_favoriterecipes_user_id_cfdd4368_fk_users_user_id; Type: FK CONSTRAINT; Schema: public; Owner: foodgram_user
--

ALTER TABLE ONLY public.api_favoriterecipes
    ADD CONSTRAINT api_favoriterecipes_user_id_cfdd4368_fk_users_user_id FOREIGN KEY (user_id) REFERENCES public.users_user(id) DEFERRABLE INITIALLY DEFERRED;


--
-- Name: api_follow api_follow_author_id_edf7eb6e_fk_users_user_id; Type: FK CONSTRAINT; Schema: public; Owner: foodgram_user
--

ALTER TABLE ONLY public.api_follow
    ADD CONSTRAINT api_follow_author_id_edf7eb6e_fk_users_user_id FOREIGN KEY (author_id) REFERENCES public.users_user(id) DEFERRABLE INITIALLY DEFERRED;


--
-- Name: api_follow api_follow_user_id_c804fe25_fk_users_user_id; Type: FK CONSTRAINT; Schema: public; Owner: foodgram_user
--

ALTER TABLE ONLY public.api_follow
    ADD CONSTRAINT api_follow_user_id_c804fe25_fk_users_user_id FOREIGN KEY (user_id) REFERENCES public.users_user(id) DEFERRABLE INITIALLY DEFERRED;


--
-- Name: api_recipe api_recipe_author_id_423d4c07_fk_users_user_id; Type: FK CONSTRAINT; Schema: public; Owner: foodgram_user
--

ALTER TABLE ONLY public.api_recipe
    ADD CONSTRAINT api_recipe_author_id_423d4c07_fk_users_user_id FOREIGN KEY (author_id) REFERENCES public.users_user(id) DEFERRABLE INITIALLY DEFERRED;


--
-- Name: api_recipe_ingredients api_recipe_ingredien_ingredient_id_de8d1fbe_fk_api_ingre; Type: FK CONSTRAINT; Schema: public; Owner: foodgram_user
--

ALTER TABLE ONLY public.api_recipe_ingredients
    ADD CONSTRAINT api_recipe_ingredien_ingredient_id_de8d1fbe_fk_api_ingre FOREIGN KEY (ingredient_id) REFERENCES public.api_ingredient(id) DEFERRABLE INITIALLY DEFERRED;


--
-- Name: api_recipe_ingredients api_recipe_ingredients_recipe_id_17adc978_fk_api_recipe_id; Type: FK CONSTRAINT; Schema: public; Owner: foodgram_user
--

ALTER TABLE ONLY public.api_recipe_ingredients
    ADD CONSTRAINT api_recipe_ingredients_recipe_id_17adc978_fk_api_recipe_id FOREIGN KEY (recipe_id) REFERENCES public.api_recipe(id) DEFERRABLE INITIALLY DEFERRED;


--
-- Name: api_recipe_tags api_recipe_tags_recipe_id_39cc25a8_fk_api_recipe_id; Type: FK CONSTRAINT; Schema: public; Owner: foodgram_user
--

ALTER TABLE ONLY public.api_recipe_tags
    ADD CONSTRAINT api_recipe_tags_recipe_id_39cc25a8_fk_api_recipe_id FOREIGN KEY (recipe_id) REFERENCES public.api_recipe(id) DEFERRABLE INITIALLY DEFERRED;


--
-- Name: api_recipe_tags api_recipe_tags_tag_id_85673ca0_fk_api_tag_id; Type: FK CONSTRAINT; Schema: public; Owner: foodgram_user
--

ALTER TABLE ONLY public.api_recipe_tags
    ADD CONSTRAINT api_recipe_tags_tag_id_85673ca0_fk_api_tag_id FOREIGN KEY (tag_id) REFERENCES public.api_tag(id) DEFERRABLE INITIALLY DEFERRED;


--
-- Name: api_shopcartrecipes api_shopcartrecipes_recipe_id_62e5c0ec_fk_api_recipe_id; Type: FK CONSTRAINT; Schema: public; Owner: foodgram_user
--

ALTER TABLE ONLY public.api_shopcartrecipes
    ADD CONSTRAINT api_shopcartrecipes_recipe_id_62e5c0ec_fk_api_recipe_id FOREIGN KEY (recipe_id) REFERENCES public.api_recipe(id) DEFERRABLE INITIALLY DEFERRED;


--
-- Name: api_shopcartrecipes api_shopcartrecipes_user_id_27b1ddf9_fk_users_user_id; Type: FK CONSTRAINT; Schema: public; Owner: foodgram_user
--

ALTER TABLE ONLY public.api_shopcartrecipes
    ADD CONSTRAINT api_shopcartrecipes_user_id_27b1ddf9_fk_users_user_id FOREIGN KEY (user_id) REFERENCES public.users_user(id) DEFERRABLE INITIALLY DEFERRED;


--
-- Name: auth_group_permissions auth_group_permissio_permission_id_84c5c92e_fk_auth_perm; Type: FK CONSTRAINT; Schema: public; Owner: foodgram_user
--

ALTER TABLE ONLY public.auth_group_permissions
    ADD CONSTRAINT auth_group_permissio_permission_id_84c5c92e_fk_auth_perm FOREIGN KEY (permission_id) REFERENCES public.auth_permission(id) DEFERRABLE INITIALLY DEFERRED;


--
-- Name: auth_group_permissions auth_group_permissions_group_id_b120cbf9_fk_auth_group_id; Type: FK CONSTRAINT; Schema: public; Owner: foodgram_user
--

ALTER TABLE ONLY public.auth_group_permissions
    ADD CONSTRAINT auth_group_permissions_group_id_b120cbf9_fk_auth_group_id FOREIGN KEY (group_id) REFERENCES public.auth_group(id) DEFERRABLE INITIALLY DEFERRED;


--
-- Name: auth_permission auth_permission_content_type_id_2f476e4b_fk_django_co; Type: FK CONSTRAINT; Schema: public; Owner: foodgram_user
--

ALTER TABLE ONLY public.auth_permission
    ADD CONSTRAINT auth_permission_content_type_id_2f476e4b_fk_django_co FOREIGN KEY (content_type_id) REFERENCES public.django_content_type(id) DEFERRABLE INITIALLY DEFERRED;


--
-- Name: authtoken_token authtoken_token_user_id_35299eff_fk_users_user_id; Type: FK CONSTRAINT; Schema: public; Owner: foodgram_user
--

ALTER TABLE ONLY public.authtoken_token
    ADD CONSTRAINT authtoken_token_user_id_35299eff_fk_users_user_id FOREIGN KEY (user_id) REFERENCES public.users_user(id) DEFERRABLE INITIALLY DEFERRED;


--
-- Name: django_admin_log django_admin_log_content_type_id_c4bce8eb_fk_django_co; Type: FK CONSTRAINT; Schema: public; Owner: foodgram_user
--

ALTER TABLE ONLY public.django_admin_log
    ADD CONSTRAINT django_admin_log_content_type_id_c4bce8eb_fk_django_co FOREIGN KEY (content_type_id) REFERENCES public.django_content_type(id) DEFERRABLE INITIALLY DEFERRED;


--
-- Name: django_admin_log django_admin_log_user_id_c564eba6_fk_users_user_id; Type: FK CONSTRAINT; Schema: public; Owner: foodgram_user
--

ALTER TABLE ONLY public.django_admin_log
    ADD CONSTRAINT django_admin_log_user_id_c564eba6_fk_users_user_id FOREIGN KEY (user_id) REFERENCES public.users_user(id) DEFERRABLE INITIALLY DEFERRED;


--
-- Name: users_user_groups users_user_groups_group_id_9afc8d0e_fk_auth_group_id; Type: FK CONSTRAINT; Schema: public; Owner: foodgram_user
--

ALTER TABLE ONLY public.users_user_groups
    ADD CONSTRAINT users_user_groups_group_id_9afc8d0e_fk_auth_group_id FOREIGN KEY (group_id) REFERENCES public.auth_group(id) DEFERRABLE INITIALLY DEFERRED;


--
-- Name: users_user_groups users_user_groups_user_id_5f6f5a90_fk_users_user_id; Type: FK CONSTRAINT; Schema: public; Owner: foodgram_user
--

ALTER TABLE ONLY public.users_user_groups
    ADD CONSTRAINT users_user_groups_user_id_5f6f5a90_fk_users_user_id FOREIGN KEY (user_id) REFERENCES public.users_user(id) DEFERRABLE INITIALLY DEFERRED;


--
-- Name: users_user_user_permissions users_user_user_perm_permission_id_0b93982e_fk_auth_perm; Type: FK CONSTRAINT; Schema: public; Owner: foodgram_user
--

ALTER TABLE ONLY public.users_user_user_permissions
    ADD CONSTRAINT users_user_user_perm_permission_id_0b93982e_fk_auth_perm FOREIGN KEY (permission_id) REFERENCES public.auth_permission(id) DEFERRABLE INITIALLY DEFERRED;


--
-- Name: users_user_user_permissions users_user_user_permissions_user_id_20aca447_fk_users_user_id; Type: FK CONSTRAINT; Schema: public; Owner: foodgram_user
--

ALTER TABLE ONLY public.users_user_user_permissions
    ADD CONSTRAINT users_user_user_permissions_user_id_20aca447_fk_users_user_id FOREIGN KEY (user_id) REFERENCES public.users_user(id) DEFERRABLE INITIALLY DEFERRED;


--
-- PostgreSQL database dump complete
--

